new ,ReleaseDate,TaxID,ScientificName,species_tax_id,class_tax_id,strain_tax_id,species,LibraryLayout,Platform,Model,Run,SRAStudy,BioProject,ProjectID,Sample,BioSample,Submission,LibraryStrategy,LibrarySelection,LibrarySource,Body_Site,CenterName,InsertSize,InsertDev,SRA ID,Biosample,GEO Series,GEO Sample,PMID,biosample_strain,biosample_genotype,refseq,project,condition,ref_condition,post_induction_time,replicate_id,sample,strain_description,media,media_modifications,carbon_ml/min ,carbon_source,nitrogen_source,inducer_agent,aerobicity,inoculation,supplement,temperature,pH,growth_phase,entrainment,post_entrainment_condition,OD_wavelength,OD,florescent_light,light_flux_(umolphotons/m2s),light_flux_(molphotons/m2s),light_intensity ,passed_fastqc,passed_reads_mapped_to_CDS,passed_global_correlation,full_name,passed_similar_replicates
SRX259777,2015-07-22 17:03:15,1140,Synechococcus elongatus PCC 7942 = FACHB-805,32046,1117,1140,Synechococcus elongatus,SINGLE,ILLUMINA,Illumina HiSeq 2000,SRR807396,SRP020509,PRJNA196229,196229,SRS408053,SAMN01999000,SRA072537,RNA-Seq,cDNA,TRANSCRIPTOMIC,,GEO,0,0,364625,1999000,GSE45762,GSM1113860,23919451.0,PCC 7942,wild type,,FFA,wt_100h,wt_100h,100h,1.0,FFA_wt_100h_1,wild type,solid BG-11/agar,,,CO2,,0.1M IPTG,aerobic,,1 mM sodium thiosulfate,30 C,,,,,750.0,0.15,alternating cool white and plant fluorescent lights,60.0,6e-05,60 _mol photons m-2 s-1,True,True,True,FFA:wt_100h,True
SRX259778,2015-07-22 17:03:15,1140,Synechococcus elongatus PCC 7942 = FACHB-805,32046,1117,1140,Synechococcus elongatus,SINGLE,ILLUMINA,Illumina HiSeq 2000,SRR807397,SRP020509,PRJNA196229,196229,SRS408054,SAMN01999001,SRA072537,RNA-Seq,cDNA,TRANSCRIPTOMIC,,GEO,0,0,364626,1999001,GSE45762,GSM1113861,23919451.0,PCC 7942,wild type,,FFA,wt_100h,wt_100h,100h,2.0,FFA_wt_100h_2,wild type,solid BG-11/agar,,,CO2,,0.1M IPTG,aerobic,,1 mM sodium thiosulfate,30 C,,,,,750.0,0.15,alternating cool white and plant fluorescent lights,60.0,6e-05,60 _mol photons m-2 s-1,True,True,True,FFA:wt_100h,True
SRX259779,2015-07-22 17:03:15,1140,Synechococcus elongatus PCC 7942 = FACHB-805,32046,1117,1140,Synechococcus elongatus,SINGLE,ILLUMINA,Illumina HiSeq 2000,SRR807398,SRP020509,PRJNA196229,196229,SRS408055,SAMN01999002,SRA072537,RNA-Seq,cDNA,TRANSCRIPTOMIC,,GEO,0,0,364627,1999002,GSE45762,GSM1113862,23919451.0,PCC 7942,wild type,,FFA,wt_100h,wt_100h,100h,3.0,FFA_wt_100h_3,wild type,solid BG-11/agar,,,CO2,,0.1M IPTG,aerobic,,1 mM sodium thiosulfate,30 C,,,,,750.0,0.15,alternating cool white and plant fluorescent lights,60.0,6e-05,60 _mol photons m-2 s-1,True,True,True,FFA:wt_100h,True
SRX259780,2015-07-22 17:03:15,1140,Synechococcus elongatus PCC 7942 = FACHB-805,32046,1117,1140,Synechococcus elongatus,SINGLE,ILLUMINA,Illumina HiSeq 2000,SRR807399,SRP020509,PRJNA196229,196229,SRS408056,SAMN01999003,SRA072537,RNA-Seq,cDNA,TRANSCRIPTOMIC,,GEO,0,0,364628,1999003,GSE45762,GSM1113863,23919451.0,PCC 7942,wild type,,FFA,wt_240h,wt_100h,240h,1.0,FFA_wt_240h_1,wild type,solid BG-11/agar,,,CO2,,0.1M IPTG,aerobic,,1 mM sodium thiosulfate,30 C,,,,,750.0,0.15,alternating cool white and plant fluorescent lights,60.0,6e-05,60 _mol photons m-2 s-1,True,True,True,FFA:wt_240h,True
SRX259781,2015-07-22 17:03:15,1140,Synechococcus elongatus PCC 7942 = FACHB-805,32046,1117,1140,Synechococcus elongatus,SINGLE,ILLUMINA,Illumina HiSeq 2000,SRR807400,SRP020509,PRJNA196229,196229,SRS408057,SAMN01999004,SRA072537,RNA-Seq,cDNA,TRANSCRIPTOMIC,,GEO,0,0,364629,1999004,GSE45762,GSM1113864,23919451.0,PCC 7942,wild type,,FFA,wt_240h,wt_100h,240h,2.0,FFA_wt_240h_2,wild type,solid BG-11/agar,,,CO2,,0.1M IPTG,aerobic,,1 mM sodium thiosulfate,30 C,,,,,750.0,0.15,alternating cool white and plant fluorescent lights,60.0,6e-05,60 _mol photons m-2 s-1,True,True,True,FFA:wt_240h,True
SRX259782,2015-07-22 17:03:15,1140,Synechococcus elongatus PCC 7942 = FACHB-805,32046,1117,1140,Synechococcus elongatus,SINGLE,ILLUMINA,Illumina HiSeq 2000,SRR807401,SRP020509,PRJNA196229,196229,SRS408058,SAMN01999005,SRA072537,RNA-Seq,cDNA,TRANSCRIPTOMIC,,GEO,0,0,364630,1999005,GSE45762,GSM1113865,23919451.0,PCC 7942,wild type,,FFA,wt_240h,wt_100h,240h,3.0,FFA_wt_240h_3,wild type,solid BG-11/agar,,,CO2,,0.1M IPTG,aerobic,,1 mM sodium thiosulfate,30 C,,,,,750.0,0.15,alternating cool white and plant fluorescent lights,60.0,6e-05,60 _mol photons m-2 s-1,True,True,True,FFA:wt_240h,True
SRX259783,2015-07-22 17:03:15,1140,Synechococcus elongatus PCC 7942 = FACHB-805,32046,1117,1140,Synechococcus elongatus,SINGLE,ILLUMINA,Illumina HiSeq 2000,SRR807402,SRP020509,PRJNA196229,196229,SRS408059,SAMN01999006,SRA072537,RNA-Seq,cDNA,TRANSCRIPTOMIC,,GEO,0,0,364631,1999006,GSE45762,GSM1113866,23919451.0,SE01,delta_aas,,FFA,aas_100h,wt_100h,100h,1.0,FFA_aas_100h_1,mutant_del_aas(acyl-ACP Synthase),solid BG-11/agar,,,CO2,,0.1M IPTG,aerobic,40 µg/mL of spectinomycin,1 mM sodium thiosulfate,30 C,,,,,750.0,0.15,alternating cool white and plant fluorescent lights,60.0,6e-05,60 _mol photons m-2 s-1,True,True,True,FFA:aas_100h,True
SRX259784,2015-07-22 17:03:15,1140,Synechococcus elongatus PCC 7942 = FACHB-805,32046,1117,1140,Synechococcus elongatus,SINGLE,ILLUMINA,Illumina HiSeq 2000,SRR807403,SRP020509,PRJNA196229,196229,SRS408060,SAMN01999007,SRA072537,RNA-Seq,cDNA,TRANSCRIPTOMIC,,GEO,0,0,364632,1999007,GSE45762,GSM1113867,23919451.0,SE01,delta_aas,,FFA,aas_100h,wt_100h,100h,2.0,FFA_aas_100h_2,mutant_del_aas(acyl-ACP Synthase),solid BG-11/agar,,,CO2,,0.1M IPTG,aerobic,40 µg/mL of spectinomycin,1 mM sodium thiosulfate,30 C,,,,,750.0,0.15,alternating cool white and plant fluorescent lights,60.0,6e-05,60 _mol photons m-2 s-1,True,True,True,FFA:aas_100h,True
SRX259785,2015-07-22 17:03:15,1140,Synechococcus elongatus PCC 7942 = FACHB-805,32046,1117,1140,Synechococcus elongatus,SINGLE,ILLUMINA,Illumina HiSeq 2000,SRR807404,SRP020509,PRJNA196229,196229,SRS408061,SAMN01999008,SRA072537,RNA-Seq,cDNA,TRANSCRIPTOMIC,,GEO,0,0,364633,1999008,GSE45762,GSM1113868,23919451.0,SE01,delta_aas,,FFA,aas_100h,wt_100h,100h,3.0,FFA_aas_100h_3,mutant_del_aas(acyl-ACP Synthase),solid BG-11/agar,,,CO2,,0.1M IPTG,aerobic,40 µg/mL of spectinomycin,1 mM sodium thiosulfate,30 C,,,,,750.0,0.15,alternating cool white and plant fluorescent lights,60.0,6e-05,60 _mol photons m-2 s-1,True,True,True,FFA:aas_100h,True
SRX259786,2015-07-22 17:03:15,1140,Synechococcus elongatus PCC 7942 = FACHB-805,32046,1117,1140,Synechococcus elongatus,SINGLE,ILLUMINA,Illumina HiSeq 2000,SRR807405,SRP020509,PRJNA196229,196229,SRS408062,SAMN01999009,SRA072537,RNA-Seq,cDNA,TRANSCRIPTOMIC,,GEO,0,0,364634,1999009,GSE45762,GSM1113869,23919451.0,SE01,delta_aas,,FFA,aas_240h,wt_100h,240h,1.0,FFA_aas_240h_1,mutant_del_aas(acyl-ACP Synthase),solid BG-11/agar,,,CO2,,0.1M IPTG,aerobic,40 µg/mL of spectinomycin,1 mM sodium thiosulfate,30 C,,,,,750.0,0.15,alternating cool white and plant fluorescent lights,60.0,6e-05,60 _mol photons m-2 s-1,True,True,True,FFA:aas_240h,True
SRX259787,2015-07-22 17:03:15,1140,Synechococcus elongatus PCC 7942 = FACHB-805,32046,1117,1140,Synechococcus elongatus,SINGLE,ILLUMINA,Illumina HiSeq 2000,SRR807406,SRP020509,PRJNA196229,196229,SRS408063,SAMN01999010,SRA072537,RNA-Seq,cDNA,TRANSCRIPTOMIC,,GEO,0,0,364635,1999010,GSE45762,GSM1113870,23919451.0,SE01,delta_aas,,FFA,aas_240h,wt_100h,240h,2.0,FFA_aas_240h_2,mutant_del_aas(acyl-ACP Synthase),solid BG-11/agar,,,CO2,,0.1M IPTG,aerobic,40 µg/mL of spectinomycin,1 mM sodium thiosulfate,30 C,,,,,750.0,0.15,alternating cool white and plant fluorescent lights,60.0,6e-05,60 _mol photons m-2 s-1,True,True,True,FFA:aas_240h,True
SRX259788,2015-07-22 17:03:15,1140,Synechococcus elongatus PCC 7942 = FACHB-805,32046,1117,1140,Synechococcus elongatus,SINGLE,ILLUMINA,Illumina HiSeq 2000,SRR807407,SRP020509,PRJNA196229,196229,SRS408064,SAMN01999011,SRA072537,RNA-Seq,cDNA,TRANSCRIPTOMIC,,GEO,0,0,364636,1999011,GSE45762,GSM1113871,23919451.0,SE01,delta_aas,,FFA,aas_240h,wt_100h,240h,3.0,FFA_aas_240h_3,mutant_del_aas(acyl-ACP Synthase),solid BG-11/agar,,,CO2,,0.1M IPTG,aerobic,40 µg/mL of spectinomycin,1 mM sodium thiosulfate,30 C,,,,,750.0,0.15,alternating cool white and plant fluorescent lights,60.0,6e-05,60 _mol photons m-2 s-1,True,True,True,FFA:aas_240h,True
SRX259791,2015-07-22 17:03:15,1140,Synechococcus elongatus PCC 7942 = FACHB-805,32046,1117,1140,Synechococcus elongatus,SINGLE,ILLUMINA,Illumina HiSeq 2000,SRR807410,SRP020509,PRJNA196229,196229,SRS408067,SAMN01999014,SRA072537,RNA-Seq,cDNA,TRANSCRIPTOMIC,,GEO,0,0,364639,1999014,GSE45762,GSM1113874,23919451.0,SE02,delta_aas_add_tesA,,FFA,ass_tesA_240h,wt_100h,240h,1.0,FFA_ass_tesA_240h_1,mutant_del_aas(acyl-ACP Synthase)_add_thioesterase ,solid BG-11/agar,,,CO2,,0.1M IPTG,aerobic,40 µg/mL of spectinomycin,1 mM sodium thiosulfate,30 C,,,,,750.0,0.15,alternating cool white and plant fluorescent lights,60.0,6e-05,60 _mol photons m-2 s-1,True,True,True,FFA:ass_tesA_240h,True
SRX259792,2015-07-22 17:03:15,1140,Synechococcus elongatus PCC 7942 = FACHB-805,32046,1117,1140,Synechococcus elongatus,SINGLE,ILLUMINA,Illumina HiSeq 2000,SRR807411,SRP020509,PRJNA196229,196229,SRS408068,SAMN01999015,SRA072537,RNA-Seq,cDNA,TRANSCRIPTOMIC,,GEO,0,0,364640,1999015,GSE45762,GSM1113875,23919451.0,SE02,delta_aas_add_tesA,,FFA,ass_tesA_240h,wt_100h,240h,2.0,FFA_ass_tesA_240h_2,mutant_del_aas(acyl-ACP Synthase)_add_thioesterase ,solid BG-11/agar,,,CO2,,0.1M IPTG,aerobic,40 µg/mL of spectinomycin,1 mM sodium thiosulfate,30 C,,,,,750.0,0.15,alternating cool white and plant fluorescent lights,60.0,6e-05,60 _mol photons m-2 s-1,True,True,True,FFA:ass_tesA_240h,True
SRX259793,2015-07-22 17:03:15,1140,Synechococcus elongatus PCC 7942 = FACHB-805,32046,1117,1140,Synechococcus elongatus,SINGLE,ILLUMINA,Illumina HiSeq 2000,SRR807412,SRP020509,PRJNA196229,196229,SRS408069,SAMN01999016,SRA072537,RNA-Seq,cDNA,TRANSCRIPTOMIC,,GEO,0,0,364641,1999016,GSE45762,GSM1113876,23919451.0,SE02,delta_aas_add_tesA,,FFA,ass_tesA_240h,wt_100h,240h,3.0,FFA_ass_tesA_240h_3,mutant_del_aas(acyl-ACP Synthase)_add_thioesterase ,solid BG-11/agar,,,CO2,,0.1M IPTG,aerobic,40 µg/mL of spectinomycin,1 mM sodium thiosulfate,30 C,,,,,750.0,0.15,alternating cool white and plant fluorescent lights,60.0,6e-05,60 _mol photons m-2 s-1,True,True,True,FFA:ass_tesA_240h,True
SRX3159653,2017-12-15 12:46:17,1140,Synechococcus elongatus PCC 7942 = FACHB-805,32046,1117,1140,Synechococcus elongatus,SINGLE,ILLUMINA,Illumina HiSeq 2000,SRR6004392,SRP117070,PRJNA401742,401742,SRS2490787,SAMN07604667,SRA605278,RNA-Seq,cDNA,TRANSCRIPTOMIC,,GEO,0,0,4460033,7604667,GSE103462,GSM2771773,,PCC 7942,wild type,,ppGpp,wt_dawn_000,wt_dawn_0m,0m,1.0,ppGpp_wt_dawn_000_1,wt,BG-11,,,,,,aerobic,,,30 C,,,12 hr,,,,cool fluorescent light,40.0,4e-05,40 _moles photons m-2 s-1,True,True,True,ppGpp:wt_dawn_000,True
SRX3159654,2017-12-15 12:46:17,1140,Synechococcus elongatus PCC 7942 = FACHB-805,32046,1117,1140,Synechococcus elongatus,SINGLE,ILLUMINA,Illumina HiSeq 2000,SRR6004393,SRP117070,PRJNA401742,401742,SRS2490788,SAMN07604666,SRA605278,RNA-Seq,cDNA,TRANSCRIPTOMIC,,GEO,0,0,4460034,7604666,GSE103462,GSM2771774,,PCC 7942,wild type,,ppGpp,wt_dawn_000,wt_dawn_0m,0m,2.0,ppGpp_wt_dawn_000_2,wt,BG-11,,,,,,aerobic,,,30 C,,,12 hr,,,,cool fluorescent light,40.0,4e-05,40 _moles photons m-2 s-1,True,True,True,ppGpp:wt_dawn_000,True
SRX3159655,2017-12-15 12:46:17,1140,Synechococcus elongatus PCC 7942 = FACHB-805,32046,1117,1140,Synechococcus elongatus,SINGLE,ILLUMINA,Illumina HiSeq 2000,SRR6004394,SRP117070,PRJNA401742,401742,SRS2490789,SAMN07604665,SRA605278,RNA-Seq,cDNA,TRANSCRIPTOMIC,,GEO,0,0,4460035,7604665,GSE103462,GSM2771775,,PCC 7942,wild type,,ppGpp,wt_dusk_720,wt_dawn_0m,12h,1.0,ppGpp_wt_dusk_720_1,wt,BG-11,,,,,,aerobic,,,30 C,,,12 hr,,,,cool fluorescent light,40.0,4e-05,40 _moles photons m-2 s-1,True,True,True,ppGpp:wt_dusk_720,True
SRX3159656,2017-12-15 12:46:17,1140,Synechococcus elongatus PCC 7942 = FACHB-805,32046,1117,1140,Synechococcus elongatus,SINGLE,ILLUMINA,Illumina HiSeq 2000,SRR6004395,SRP117070,PRJNA401742,401742,SRS2490790,SAMN07604664,SRA605278,RNA-Seq,cDNA,TRANSCRIPTOMIC,,GEO,0,0,4460036,7604664,GSE103462,GSM2771776,,PCC 7942,wild type,,ppGpp,wt_dusk_720,wt_dawn_0m,12h,2.0,ppGpp_wt_dusk_720_2,wt,BG-11,,,,,,aerobic,,,30 C,,,12 hr,,,,cool fluorescent light,40.0,4e-05,40 _moles photons m-2 s-1,True,True,True,ppGpp:wt_dusk_720,True
SRX3159657,2017-12-15 12:46:17,1140,Synechococcus elongatus PCC 7942 = FACHB-805,32046,1117,1140,Synechococcus elongatus,SINGLE,ILLUMINA,Illumina HiSeq 2000,SRR6004396,SRP117070,PRJNA401742,401742,SRS2490791,SAMN07604663,SRA605278,RNA-Seq,cDNA,TRANSCRIPTOMIC,,GEO,0,0,4460037,7604663,GSE103462,GSM2771777,,PCC 7942,rel-,,ppGpp,rel_dawn_000,wt_dawn_0m,0m,1.0,ppGpp_rel_dawn_000_1,mutant_rel-,BG-11,,,,,,aerobic,,,30 C,,,12 hr,,,,cool fluorescent light,40.0,4e-05,40 _moles photons m-2 s-1,True,True,True,ppGpp:rel_dawn_000,True
SRX3159658,2017-12-15 12:46:17,1140,Synechococcus elongatus PCC 7942 = FACHB-805,32046,1117,1140,Synechococcus elongatus,SINGLE,ILLUMINA,Illumina HiSeq 2000,SRR6004397,SRP117070,PRJNA401742,401742,SRS2490792,SAMN07604662,SRA605278,RNA-Seq,cDNA,TRANSCRIPTOMIC,,GEO,0,0,4460038,7604662,GSE103462,GSM2771778,,PCC 7942,rel-,,ppGpp,rel_dawn_000,wt_dawn_0m,0m,2.0,ppGpp_rel_dawn_000_2,mutant_rel-,BG-11,,,,,,aerobic,,,30 C,,,12 hr,,,,cool fluorescent light,40.0,4e-05,40 _moles photons m-2 s-1,True,True,True,ppGpp:rel_dawn_000,True
SRX3159659,2017-12-15 12:46:17,1140,Synechococcus elongatus PCC 7942 = FACHB-805,32046,1117,1140,Synechococcus elongatus,SINGLE,ILLUMINA,Illumina HiSeq 2000,SRR6004398,SRP117070,PRJNA401742,401742,SRS2490795,SAMN07604661,SRA605278,RNA-Seq,cDNA,TRANSCRIPTOMIC,,GEO,0,0,4460039,7604661,GSE103462,GSM2771779,,PCC 7942,rel-,,ppGpp,rel_dusk_720,wt_dawn_0m,12h,1.0,ppGpp_rel_dusk_720_1,mutant_rel-,BG-11,,,,,,aerobic,,,30 C,,,12 hr,,,,cool fluorescent light,40.0,4e-05,40 _moles photons m-2 s-1,True,True,True,ppGpp:rel_dusk_720,True
SRX3159660,2017-12-15 12:46:17,1140,Synechococcus elongatus PCC 7942 = FACHB-805,32046,1117,1140,Synechococcus elongatus,SINGLE,ILLUMINA,Illumina HiSeq 2000,SRR6004399,SRP117070,PRJNA401742,401742,SRS2490793,SAMN07604660,SRA605278,RNA-Seq,cDNA,TRANSCRIPTOMIC,,GEO,0,0,4460040,7604660,GSE103462,GSM2771780,,PCC 7942,rel-,,ppGpp,rel_dusk_720,wt_dawn_0m,12h,2.0,ppGpp_rel_dusk_720_2,mutant_rel-,BG-11,,,,,,aerobic,,,30 C,,,12 hr,,,,cool fluorescent light,40.0,4e-05,40 _moles photons m-2 s-1,True,True,True,ppGpp:rel_dusk_720,True
SRX3159661,2017-12-15 12:59:15,1140,Synechococcus elongatus PCC 7942 = FACHB-805,32046,1117,1140,Synechococcus elongatus,SINGLE,ILLUMINA,Illumina HiSeq 2000,SRR6004402,SRP117071,PRJNA401777,401777,SRS2490794,SAMN07604659,SRA605279,RNA-Seq,cDNA,TRANSCRIPTOMIC,,GEO,0,0,4460041,7604659,GSE103463,GSM2771781,,PCC 7942,rel- + relA+,,ppGpp,rel_relA+_dawn_000,wt_dawn_0m,0m,1.0,ppGpp_rel_relA+_dawn_000_1,mutant_rel- + relA+,BG-11,,,,,,aerobic,,,30 C,,,12 hr,,,,cool fluorescent light,40.0,4e-05,40 _moles photons m-2 s-1,True,True,True,ppGpp:rel_relA+_dawn_000,True
SRX3159662,2017-12-15 12:59:15,1140,Synechococcus elongatus PCC 7942 = FACHB-805,32046,1117,1140,Synechococcus elongatus,SINGLE,ILLUMINA,Illumina HiSeq 2000,SRR6004403,SRP117071,PRJNA401777,401777,SRS2490797,SAMN07604658,SRA605279,RNA-Seq,cDNA,TRANSCRIPTOMIC,,GEO,0,0,4460042,7604658,GSE103463,GSM2771782,,PCC 7942,rel- + relA+,,ppGpp,rel_relA+_dawn_000,wt_dawn_0m,0m,2.0,ppGpp_rel_relA+_dawn_000_2,mutant_rel- + relA+,BG-11,,,,,,aerobic,,,30 C,,,12 hr,,,,cool fluorescent light,40.0,4e-05,40 _moles photons m-2 s-1,True,True,True,ppGpp:rel_relA+_dawn_000,True
SRX3159663,2017-12-15 12:59:15,1140,Synechococcus elongatus PCC 7942 = FACHB-805,32046,1117,1140,Synechococcus elongatus,SINGLE,ILLUMINA,Illumina HiSeq 2000,SRR6004404,SRP117071,PRJNA401777,401777,SRS2490796,SAMN07604668,SRA605279,RNA-Seq,cDNA,TRANSCRIPTOMIC,,GEO,0,0,4460043,7604668,GSE103463,GSM2771783,,PCC 7942,rel- + relA+,,ppGpp,rel_relA+_dusk_720,wt_dawn_0m,12h,1.0,ppGpp_rel_relA+_dusk_720_1,mutant_rel- + relA+,BG-11,,,,,,aerobic,,,30 C,,,12 hr,,,,cool fluorescent light,40.0,4e-05,40 _moles photons m-2 s-1,True,True,True,ppGpp:rel_relA+_dusk_720,True
SRX3159664,2017-12-15 12:59:15,1140,Synechococcus elongatus PCC 7942 = FACHB-805,32046,1117,1140,Synechococcus elongatus,SINGLE,ILLUMINA,Illumina HiSeq 2000,SRR6004405,SRP117071,PRJNA401777,401777,SRS2490798,SAMN07604669,SRA605279,RNA-Seq,cDNA,TRANSCRIPTOMIC,,GEO,0,0,4460044,7604669,GSE103463,GSM2771784,,PCC 7942,rel- + relA+,,ppGpp,rel_relA+_dusk_720,wt_dawn_0m,12h,2.0,ppGpp_rel_relA+_dusk_720_2,mutant_rel- + relA+,BG-11,,,,,,aerobic,,,30 C,,,12 hr,,,,cool fluorescent light,40.0,4e-05,40 _moles photons m-2 s-1,True,True,True,ppGpp:rel_relA+_dusk_720,True
SRX3159665,2017-12-15 12:59:15,1140,Synechococcus elongatus PCC 7942 = FACHB-805,32046,1117,1140,Synechococcus elongatus,SINGLE,ILLUMINA,Illumina HiSeq 2000,SRR6004406,SRP117071,PRJNA401777,401777,SRS2490799,SAMN07604671,SRA605279,RNA-Seq,cDNA,TRANSCRIPTOMIC,,GEO,0,0,4460045,7604671,GSE103463,GSM2771785,,PCC 7942,rel- + relAE335Q,,ppGpp,rel_relAE335Q_dawn_000,wt_dawn_0m,0m,1.0,ppGpp_rel_relAE335Q_dawn_000_1,mutant_rel- + relAE335Q,BG-11,,,,,,aerobic,,,30 C,,,12 hr,,,,cool fluorescent light,40.0,4e-05,40 _moles photons m-2 s-1,True,True,True,ppGpp:rel_relAE335Q_dawn_000,True
SRX3159666,2017-12-15 12:59:15,1140,Synechococcus elongatus PCC 7942 = FACHB-805,32046,1117,1140,Synechococcus elongatus,SINGLE,ILLUMINA,Illumina HiSeq 2000,SRR6004407,SRP117071,PRJNA401777,401777,SRS2490800,SAMN07604670,SRA605279,RNA-Seq,cDNA,TRANSCRIPTOMIC,,GEO,0,0,4460046,7604670,GSE103463,GSM2771786,,PCC 7942,rel- + relAE335Q,,ppGpp,rel_relAE335Q_dawn_000,wt_dawn_0m,0m,2.0,ppGpp_rel_relAE335Q_dawn_000_2,mutant_rel- + relAE335Q,BG-11,,,,,,aerobic,,,30 C,,,12 hr,,,,cool fluorescent light,40.0,4e-05,40 _moles photons m-2 s-1,True,True,True,ppGpp:rel_relAE335Q_dawn_000,True
SRX3159667,2017-12-15 12:59:15,1140,Synechococcus elongatus PCC 7942 = FACHB-805,32046,1117,1140,Synechococcus elongatus,SINGLE,ILLUMINA,Illumina HiSeq 2000,SRR6004408,SRP117071,PRJNA401777,401777,SRS2490801,SAMN07604673,SRA605279,RNA-Seq,cDNA,TRANSCRIPTOMIC,,GEO,0,0,4460047,7604673,GSE103463,GSM2771787,,PCC 7942,rel- + relAE335Q,,ppGpp,rel_relAE335Q_dusk_720,wt_dawn_0m,12h,1.0,ppGpp_rel_relAE335Q_dusk_720_1,mutant_rel- + relAE335Q,BG-11,,,,,,aerobic,,,30 C,,,12 hr,,,,cool fluorescent light,40.0,4e-05,40 _moles photons m-2 s-1,True,True,True,ppGpp:rel_relAE335Q_dusk_720,True
SRX3159668,2017-12-15 12:59:15,1140,Synechococcus elongatus PCC 7942 = FACHB-805,32046,1117,1140,Synechococcus elongatus,SINGLE,ILLUMINA,Illumina HiSeq 2000,SRR6004409,SRP117071,PRJNA401777,401777,SRS2490802,SAMN07604672,SRA605279,RNA-Seq,cDNA,TRANSCRIPTOMIC,,GEO,0,0,4460048,7604672,GSE103463,GSM2771788,,PCC 7942,rel- + relAE335Q,,ppGpp,rel_relAE335Q_dusk_720,wt_dawn_0m,12h,2.0,ppGpp_rel_relAE335Q_dusk_720_2,mutant_rel- + relAE335Q,BG-11,,,,,,aerobic,,,30 C,,,12 hr,,,,cool fluorescent light,40.0,4e-05,40 _moles photons m-2 s-1,True,True,True,ppGpp:rel_relAE335Q_dusk_720,True
SRX3176785,2017-12-15 12:47:05,1140,Synechococcus elongatus PCC 7942 = FACHB-805,32046,1117,1140,Synechococcus elongatus,SINGLE,ILLUMINA,Illumina HiSeq 2000,SRR6026324,SRP117265,PRJNA404081,404081,SRS2506480,SAMN07629685,SRA607160,RNA-Seq,cDNA,TRANSCRIPTOMIC,,GEO,0,0,4478636,7629685,GSE103704,GSM2779442,,,wild type replicate 1,,ppGpp,wt_dark_120,wt_dawn_0m,12h,1.0,ppGpp_wt_dark_120_1,wt,BG-11,,,,,,,,,,,,,,,,,,,,True,True,True,ppGpp:wt_dark_120,True
SRX3176786,2017-12-15 12:47:05,1140,Synechococcus elongatus PCC 7942 = FACHB-805,32046,1117,1140,Synechococcus elongatus,SINGLE,ILLUMINA,Illumina HiSeq 2000,SRR6026325,SRP117265,PRJNA404081,404081,SRS2506481,SAMN07629691,SRA607160,RNA-Seq,cDNA,TRANSCRIPTOMIC,,GEO,0,0,4478637,7629691,GSE103704,GSM2779443,,,wild type replicate 1,,ppGpp,wt_dark_240,wt_dawn_0m,4h,1.0,ppGpp_wt_dark_240_1,wt,BG-11,,,,,,,,,,,,,,,,,,,,True,True,True,ppGpp:wt_dark_240,True
SRX3176787,2017-12-15 12:47:05,1140,Synechococcus elongatus PCC 7942 = FACHB-805,32046,1117,1140,Synechococcus elongatus,SINGLE,ILLUMINA,Illumina HiSeq 2000,SRR6026326,SRP117265,PRJNA404081,404081,SRS2506482,SAMN07629656,SRA607160,RNA-Seq,cDNA,TRANSCRIPTOMIC,,GEO,0,0,4478638,7629656,GSE103704,GSM2779444,,,wild type replicate 1,,ppGpp,wt_dark_480,wt_dawn_0m,8h,1.0,ppGpp_wt_dark_480_1,wt,BG-11,,,,,,,,,,,,,,,,,,,,True,True,True,ppGpp:wt_dark_480,True
SRX3176788,2017-12-15 12:47:05,1140,Synechococcus elongatus PCC 7942 = FACHB-805,32046,1117,1140,Synechococcus elongatus,SINGLE,ILLUMINA,Illumina HiSeq 2000,SRR6026327,SRP117265,PRJNA404081,404081,SRS2506483,SAMN07629684,SRA607160,RNA-Seq,cDNA,TRANSCRIPTOMIC,,GEO,0,0,4478639,7629684,GSE103704,GSM2779445,,,wild type replicate 1,,ppGpp,wt_dark_720,wt_dawn_0m,12h,1.0,ppGpp_wt_dark_720_1,wt,BG-11,,,,,,,,,,,,,,,,,,,,True,True,True,ppGpp:wt_dark_720,True
SRX3176790,2017-12-15 12:47:05,1140,Synechococcus elongatus PCC 7942 = FACHB-805,32046,1117,1140,Synechococcus elongatus,SINGLE,ILLUMINA,Illumina HiSeq 2000,SRR6026329,SRP117265,PRJNA404081,404081,SRS2506485,SAMN07629682,SRA607160,RNA-Seq,cDNA,TRANSCRIPTOMIC,,GEO,0,0,4478641,7629682,GSE103704,GSM2779447,,,rel- replicate 1,,ppGpp,rel_dark_005,wt_dawn_0m,5m,1.0,ppGpp_rel_dark_005_1,rel-,BG-11,,,,,,,,,,,,,,,,,,,,True,True,True,ppGpp:rel_dark_005,True
SRX3176791,2017-12-15 12:47:05,1140,Synechococcus elongatus PCC 7942 = FACHB-805,32046,1117,1140,Synechococcus elongatus,SINGLE,ILLUMINA,Illumina HiSeq 2000,SRR6026330,SRP117265,PRJNA404081,404081,SRS2506486,SAMN07629681,SRA607160,RNA-Seq,cDNA,TRANSCRIPTOMIC,,GEO,0,0,4478642,7629681,GSE103704,GSM2779448,,,rel- replicate 1,,ppGpp,rel_dark_015,wt_dawn_0m,15m,1.0,ppGpp_rel_dark_015_1,rel-,BG-11,,,,,,,,,,,,,,,,,,,,True,True,True,ppGpp:rel_dark_015,True
SRX3176792,2017-12-15 12:47:05,1140,Synechococcus elongatus PCC 7942 = FACHB-805,32046,1117,1140,Synechococcus elongatus,SINGLE,ILLUMINA,Illumina HiSeq 2000,SRR6026331,SRP117265,PRJNA404081,404081,SRS2506487,SAMN07629680,SRA607160,RNA-Seq,cDNA,TRANSCRIPTOMIC,,GEO,0,0,4478643,7629680,GSE103704,GSM2779449,,,rel- replicate 1,,ppGpp,rel_dark_030,wt_dawn_0m,30m,1.0,ppGpp_rel_dark_030_1,rel-,BG-11,,,,,,,,,,,,,,,,,,,,True,True,True,ppGpp:rel_dark_030,True
SRX3176803,2017-12-15 12:47:05,1140,Synechococcus elongatus PCC 7942 = FACHB-805,32046,1117,1140,Synechococcus elongatus,SINGLE,ILLUMINA,Illumina HiSeq 2000,SRR6026342,SRP117265,PRJNA404081,404081,SRS2506498,SAMN07629669,SRA607160,RNA-Seq,cDNA,TRANSCRIPTOMIC,,GEO,0,0,4478654,7629669,GSE103704,GSM2779460,,,wild type replicate 2,,ppGpp,wt_dark_120,wt_dawn_0m,2h,2.0,ppGpp_wt_dark_120_2,wt,BG-11,,,,,,,,,,,,,,,,,,,,True,True,True,ppGpp:wt_dark_120,True
SRX3176804,2017-12-15 12:47:05,1140,Synechococcus elongatus PCC 7942 = FACHB-805,32046,1117,1140,Synechococcus elongatus,SINGLE,ILLUMINA,Illumina HiSeq 2000,SRR6026343,SRP117265,PRJNA404081,404081,SRS2506499,SAMN07629668,SRA607160,RNA-Seq,cDNA,TRANSCRIPTOMIC,,GEO,0,0,4478655,7629668,GSE103704,GSM2779461,,,wild type replicate 2,,ppGpp,wt_dark_240,wt_dawn_0m,4h,2.0,ppGpp_wt_dark_240_2,wt,BG-11,,,,,,,,,,,,,,,,,,,,True,True,True,ppGpp:wt_dark_240,True
SRX3176805,2017-12-15 12:47:05,1140,Synechococcus elongatus PCC 7942 = FACHB-805,32046,1117,1140,Synechococcus elongatus,SINGLE,ILLUMINA,Illumina HiSeq 2000,SRR6026344,SRP117265,PRJNA404081,404081,SRS2506500,SAMN07629667,SRA607160,RNA-Seq,cDNA,TRANSCRIPTOMIC,,GEO,0,0,4478656,7629667,GSE103704,GSM2779462,,,wild type replicate 2,,ppGpp,wt_dark_480,wt_dawn_0m,8h,2.0,ppGpp_wt_dark_480_2,wt,BG-11,,,,,,,,,,,,,,,,,,,,True,True,True,ppGpp:wt_dark_480,True
SRX3176806,2017-12-15 12:47:05,1140,Synechococcus elongatus PCC 7942 = FACHB-805,32046,1117,1140,Synechococcus elongatus,SINGLE,ILLUMINA,Illumina HiSeq 2000,SRR6026345,SRP117265,PRJNA404081,404081,SRS2506501,SAMN07629666,SRA607160,RNA-Seq,cDNA,TRANSCRIPTOMIC,,GEO,0,0,4478657,7629666,GSE103704,GSM2779463,,,wild type replicate 2,,ppGpp,wt_dark_720,wt_dawn_0m,12h,2.0,ppGpp_wt_dark_720_2,wt,BG-11,,,,,,,,,,,,,,,,,,,,True,True,True,ppGpp:wt_dark_720,True
SRX3176808,2017-12-15 12:47:05,1140,Synechococcus elongatus PCC 7942 = FACHB-805,32046,1117,1140,Synechococcus elongatus,SINGLE,ILLUMINA,Illumina HiSeq 2000,SRR6026347,SRP117265,PRJNA404081,404081,SRS2506503,SAMN07629664,SRA607160,RNA-Seq,cDNA,TRANSCRIPTOMIC,,GEO,0,0,4478659,7629664,GSE103704,GSM2779465,,,rel- replicate 2,,ppGpp,rel_dark_005,wt_dawn_0m,5m,2.0,ppGpp_rel_dark_005_2,rel-,BG-11,,,,,,,,,,,,,,,,,,,,True,True,True,ppGpp:rel_dark_005,True
SRX3176809,2017-12-15 12:47:05,1140,Synechococcus elongatus PCC 7942 = FACHB-805,32046,1117,1140,Synechococcus elongatus,SINGLE,ILLUMINA,Illumina HiSeq 2000,SRR6026348,SRP117265,PRJNA404081,404081,SRS2506504,SAMN07629663,SRA607160,RNA-Seq,cDNA,TRANSCRIPTOMIC,,GEO,0,0,4478660,7629663,GSE103704,GSM2779466,,,rel- replicate 2,,ppGpp,rel_dark_015,wt_dawn_0m,15m,2.0,ppGpp_rel_dark_015_2,rel-,BG-11,,,,,,,,,,,,,,,,,,,,True,True,True,ppGpp:rel_dark_015,True
SRX3176810,2017-12-15 12:47:05,1140,Synechococcus elongatus PCC 7942 = FACHB-805,32046,1117,1140,Synechococcus elongatus,SINGLE,ILLUMINA,Illumina HiSeq 2000,SRR6026349,SRP117265,PRJNA404081,404081,SRS2506505,SAMN07629662,SRA607160,RNA-Seq,cDNA,TRANSCRIPTOMIC,,GEO,0,0,4478661,7629662,GSE103704,GSM2779467,,,rel- replicate 2,,ppGpp,rel_dark_030,wt_dawn_0m,30m,2.0,ppGpp_rel_dark_030_2,rel-,BG-11,,,,,,,,,,,,,,,,,,,,True,True,True,ppGpp:rel_dark_030,True
SRX3211301,2017-12-18 09:18:10,1140,Synechococcus elongatus PCC 7942 = FACHB-805,32046,1117,1140,Synechococcus elongatus,SINGLE,ILLUMINA,Illumina HiSeq 2500,SRR6069416,SRP118803,PRJNA412032,412032,SRS2536063,SAMN07693174,SRA612636,RNA-Seq,cDNA,TRANSCRIPTOMIC,,GEO,0,0,4520050,7693174,GSE104203,GSM2792426,29239721.0,,,,light,wt_highlight_pulse_9h,wt_clearday_dawn_0.5h,"9h since dawn, time 60 min",2.0,light_wt_highlight_pulse_9h_2,wt,BG-11,,,,,,,,,,,,,,,,,,,,True,True,True,light:wt_highlight_pulse_9h,True
SRX3211302,2017-12-18 09:18:10,1140,Synechococcus elongatus PCC 7942 = FACHB-805,32046,1117,1140,Synechococcus elongatus,SINGLE,ILLUMINA,Illumina HiSeq 2500,SRR6069417,SRP118803,PRJNA412032,412032,SRS2536065,SAMN07693173,SRA612636,RNA-Seq,cDNA,TRANSCRIPTOMIC,,GEO,0,0,4520051,7693173,GSE104203,GSM2792427,29239721.0,,,,light,wt_highlight_pulse_9.25h,wt_clearday_dawn_0.5h,"9.25h since dawn, Time 15 min return",1.0,light_wt_highlight_pulse_9.25h_1,wt,BG-11,,,,,,,,,,,,,,,,,,,,True,True,True,light:wt_highlight_pulse_9.25h,True
SRX3211303,2017-12-18 09:18:10,1140,Synechococcus elongatus PCC 7942 = FACHB-805,32046,1117,1140,Synechococcus elongatus,SINGLE,ILLUMINA,Illumina HiSeq 2500,SRR6069418,SRP118803,PRJNA412032,412032,SRS2536064,SAMN07693172,SRA612636,RNA-Seq,cDNA,TRANSCRIPTOMIC,,GEO,0,0,4520052,7693172,GSE104203,GSM2792428,29239721.0,,,,light,wt_highlight_pulse_9.25h,wt_clearday_dawn_0.5h,"9.25h since dawn, Time 15 min return",2.0,light_wt_highlight_pulse_9.25h_2,wt,BG-11,,,,,,,,,,,,,,,,,,,,True,True,True,light:wt_highlight_pulse_9.25h,True
SRX3211304,2017-12-18 09:18:10,1140,Synechococcus elongatus PCC 7942 = FACHB-805,32046,1117,1140,Synechococcus elongatus,SINGLE,ILLUMINA,Illumina HiSeq 2500,SRR6069377,SRP118803,PRJNA412032,412032,SRS2536066,SAMN07693163,SRA612636,RNA-Seq,cDNA,TRANSCRIPTOMIC,,GEO,0,0,4520053,7693163,GSE104203,GSM2792387,29239721.0,,,,light,wt_lowlight_dawn_0.5h,wt_clearday_dawn_0.5h,0.5h since dawn,1.0,light_wt_lowlight_dawn_0.5h_1,wt,BG-11,,,,,,,,,,,,,,,,,,,,True,True,True,light:wt_lowlight_dawn_0.5h,True
SRX3211305,2017-12-18 09:18:10,1140,Synechococcus elongatus PCC 7942 = FACHB-805,32046,1117,1140,Synechococcus elongatus,SINGLE,ILLUMINA,Illumina HiSeq 2500,SRR6069378,SRP118803,PRJNA412032,412032,SRS2536068,SAMN07693162,SRA612636,RNA-Seq,cDNA,TRANSCRIPTOMIC,,GEO,0,0,4520054,7693162,GSE104203,GSM2792388,29239721.0,,,,light,wt_lowlight_dawn_0.5h,wt_clearday_dawn_0.5h,0.5h since dawn,2.0,light_wt_lowlight_dawn_0.5h_2,wt,BG-11,,,,,,,,,,,,,,,,,,,,True,True,True,light:wt_lowlight_dawn_0.5h,True
SRX3211306,2017-12-18 09:18:10,1140,Synechococcus elongatus PCC 7942 = FACHB-805,32046,1117,1140,Synechococcus elongatus,SINGLE,ILLUMINA,Illumina HiSeq 2500,SRR6069379,SRP118803,PRJNA412032,412032,SRS2536067,SAMN07693161,SRA612636,RNA-Seq,cDNA,TRANSCRIPTOMIC,,GEO,0,0,4520055,7693161,GSE104203,GSM2792389,29239721.0,,,,light,wt_lowlight_dawn_2h,wt_clearday_dawn_0.5h,2h since dawn,1.0,light_wt_lowlight_dawn_2h_1,wt,BG-11,,,,,,,,,,,,,,,,,,,,True,True,True,light:wt_lowlight_dawn_2h,True
SRX3211307,2017-12-18 09:18:10,1140,Synechococcus elongatus PCC 7942 = FACHB-805,32046,1117,1140,Synechococcus elongatus,SINGLE,ILLUMINA,Illumina HiSeq 2500,SRR6069380,SRP118803,PRJNA412032,412032,SRS2536069,SAMN07693160,SRA612636,RNA-Seq,cDNA,TRANSCRIPTOMIC,,GEO,0,0,4520056,7693160,GSE104203,GSM2792390,29239721.0,,,,light,wt_lowlight_dawn_2h,wt_clearday_dawn_0.5h,2h since dawn,2.0,light_wt_lowlight_dawn_2h_2,wt,BG-11,,,,,,,,,,,,,,,,,,,,True,True,True,light:wt_lowlight_dawn_2h,True
SRX3211308,2017-12-18 09:18:10,1140,Synechococcus elongatus PCC 7942 = FACHB-805,32046,1117,1140,Synechococcus elongatus,SINGLE,ILLUMINA,Illumina HiSeq 2500,SRR6069381,SRP118803,PRJNA412032,412032,SRS2536071,SAMN07693159,SRA612636,RNA-Seq,cDNA,TRANSCRIPTOMIC,,GEO,0,0,4520057,7693159,GSE104203,GSM2792391,29239721.0,,,,light,wt_lowlight_dawn_4h,wt_clearday_dawn_0.5h,4h since dawn,1.0,light_wt_lowlight_dawn_4h_1,wt,BG-11,,,,,,,,,,,,,,,,,,,,True,True,True,light:wt_lowlight_dawn_4h,True
SRX3211309,2017-12-18 09:18:10,1140,Synechococcus elongatus PCC 7942 = FACHB-805,32046,1117,1140,Synechococcus elongatus,SINGLE,ILLUMINA,Illumina HiSeq 2500,SRR6069382,SRP118803,PRJNA412032,412032,SRS2536070,SAMN07693158,SRA612636,RNA-Seq,cDNA,TRANSCRIPTOMIC,,GEO,0,0,4520058,7693158,GSE104203,GSM2792392,29239721.0,,,,light,wt_lowlight_dawn_4h,wt_clearday_dawn_0.5h,4h since dawn,2.0,light_wt_lowlight_dawn_4h_2,wt,BG-11,,,,,,,,,,,,,,,,,,,,True,True,True,light:wt_lowlight_dawn_4h,True
SRX3211310,2017-12-18 09:18:10,1140,Synechococcus elongatus PCC 7942 = FACHB-805,32046,1117,1140,Synechococcus elongatus,SINGLE,ILLUMINA,Illumina HiSeq 2500,SRR6069383,SRP118803,PRJNA412032,412032,SRS2536072,SAMN07693157,SRA612636,RNA-Seq,cDNA,TRANSCRIPTOMIC,,GEO,0,0,4520059,7693157,GSE104203,GSM2792393,29239721.0,,,,light,wt_lowlight_dawn_6h,wt_clearday_dawn_0.5h,6h since dawn,1.0,light_wt_lowlight_dawn_6h_1,wt,BG-11,,,,,,,,,,,,,,,,,,,,True,True,True,light:wt_lowlight_dawn_6h,True
SRX3211311,2017-12-18 09:18:10,1140,Synechococcus elongatus PCC 7942 = FACHB-805,32046,1117,1140,Synechococcus elongatus,SINGLE,ILLUMINA,Illumina HiSeq 2500,SRR6069384,SRP118803,PRJNA412032,412032,SRS2536073,SAMN07693156,SRA612636,RNA-Seq,cDNA,TRANSCRIPTOMIC,,GEO,0,0,4520060,7693156,GSE104203,GSM2792394,29239721.0,,,,light,wt_lowlight_dawn_6h,wt_clearday_dawn_0.5h,6h since dawn,2.0,light_wt_lowlight_dawn_6h_2,wt,BG-11,,,,,,,,,,,,,,,,,,,,True,True,True,light:wt_lowlight_dawn_6h,True
SRX3211312,2017-12-18 09:18:10,1140,Synechococcus elongatus PCC 7942 = FACHB-805,32046,1117,1140,Synechococcus elongatus,SINGLE,ILLUMINA,Illumina HiSeq 2500,SRR6069385,SRP118803,PRJNA412032,412032,SRS2536074,SAMN07693215,SRA612636,RNA-Seq,cDNA,TRANSCRIPTOMIC,,GEO,0,0,4520061,7693215,GSE104203,GSM2792395,29239721.0,,,,light,wt_lowlight_dawn_8h,wt_clearday_dawn_0.5h,8h since dawn,1.0,light_wt_lowlight_dawn_8h_1,wt,BG-11,,,,,,,,,,,,,,,,,,,,True,True,True,light:wt_lowlight_dawn_8h,True
SRX3211313,2017-12-18 09:18:10,1140,Synechococcus elongatus PCC 7942 = FACHB-805,32046,1117,1140,Synechococcus elongatus,SINGLE,ILLUMINA,Illumina HiSeq 2500,SRR6069386,SRP118803,PRJNA412032,412032,SRS2536075,SAMN07693214,SRA612636,RNA-Seq,cDNA,TRANSCRIPTOMIC,,GEO,0,0,4520062,7693214,GSE104203,GSM2792396,29239721.0,,,,light,wt_lowlight_dawn_8h,wt_clearday_dawn_0.5h,8h since dawn,2.0,light_wt_lowlight_dawn_8h_2,wt,BG-11,,,,,,,,,,,,,,,,,,,,True,True,True,light:wt_lowlight_dawn_8h,True
SRX3211314,2017-12-18 09:18:10,1140,Synechococcus elongatus PCC 7942 = FACHB-805,32046,1117,1140,Synechococcus elongatus,SINGLE,ILLUMINA,Illumina HiSeq 2500,SRR6069387,SRP118803,PRJNA412032,412032,SRS2536076,SAMN07693213,SRA612636,RNA-Seq,cDNA,TRANSCRIPTOMIC,,GEO,0,0,4520063,7693213,GSE104203,GSM2792397,29239721.0,,,,light,wt_lowlight_dawn_9h,wt_clearday_dawn_0.5h,9h since dawn,1.0,light_wt_lowlight_dawn_9h_1,wt,BG-11,,,,,,,,,,,,,,,,,,,,True,True,True,light:wt_lowlight_dawn_9h,True
SRX3211315,2017-12-18 09:18:10,1140,Synechococcus elongatus PCC 7942 = FACHB-805,32046,1117,1140,Synechococcus elongatus,SINGLE,ILLUMINA,Illumina HiSeq 2500,SRR6069388,SRP118803,PRJNA412032,412032,SRS2536078,SAMN07693212,SRA612636,RNA-Seq,cDNA,TRANSCRIPTOMIC,,GEO,0,0,4520064,7693212,GSE104203,GSM2792398,29239721.0,,,,light,wt_lowlight_dawn_9h,wt_clearday_dawn_0.5h,9h since dawn,2.0,light_wt_lowlight_dawn_9h_2,wt,BG-11,,,,,,,,,,,,,,,,,,,,True,True,True,light:wt_lowlight_dawn_9h,True
SRX3211316,2017-12-18 09:18:10,1140,Synechococcus elongatus PCC 7942 = FACHB-805,32046,1117,1140,Synechococcus elongatus,SINGLE,ILLUMINA,Illumina HiSeq 2500,SRR6069389,SRP118803,PRJNA412032,412032,SRS2536077,SAMN07693211,SRA612636,RNA-Seq,cDNA,TRANSCRIPTOMIC,,GEO,0,0,4520065,7693211,GSE104203,GSM2792399,29239721.0,,,,light,wt_lowlight_dawn_10h,wt_clearday_dawn_0.5h,10h since dawn,1.0,light_wt_lowlight_dawn_10h_1,wt,BG-11,,,,,,,,,,,,,,,,,,,,True,True,True,light:wt_lowlight_dawn_10h,True
SRX3211317,2017-12-18 09:18:10,1140,Synechococcus elongatus PCC 7942 = FACHB-805,32046,1117,1140,Synechococcus elongatus,SINGLE,ILLUMINA,Illumina HiSeq 2500,SRR6069390,SRP118803,PRJNA412032,412032,SRS2536079,SAMN07693210,SRA612636,RNA-Seq,cDNA,TRANSCRIPTOMIC,,GEO,0,0,4520066,7693210,GSE104203,GSM2792400,29239721.0,,,,light,wt_lowlight_dawn_10h,wt_clearday_dawn_0.5h,10h since dawn,2.0,light_wt_lowlight_dawn_10h_2,wt,BG-11,,,,,,,,,,,,,,,,,,,,True,True,True,light:wt_lowlight_dawn_10h,True
SRX3211318,2017-12-18 09:18:10,1140,Synechococcus elongatus PCC 7942 = FACHB-805,32046,1117,1140,Synechococcus elongatus,SINGLE,ILLUMINA,Illumina HiSeq 2500,SRR6069391,SRP118803,PRJNA412032,412032,SRS2536080,SAMN07693209,SRA612636,RNA-Seq,cDNA,TRANSCRIPTOMIC,,GEO,0,0,4520067,7693209,GSE104203,GSM2792401,29239721.0,,,,light,wt_lowlight_dawn_12h,wt_clearday_dawn_0.5h,12h since dawn,1.0,light_wt_lowlight_dawn_12h_1,wt,BG-11,,,,,,,,,,,,,,,,,,,,True,True,True,light:wt_lowlight_dawn_12h,True
SRX3211319,2017-12-18 09:18:10,1140,Synechococcus elongatus PCC 7942 = FACHB-805,32046,1117,1140,Synechococcus elongatus,SINGLE,ILLUMINA,Illumina HiSeq 2500,SRR6069392,SRP118803,PRJNA412032,412032,SRS2536081,SAMN07693208,SRA612636,RNA-Seq,cDNA,TRANSCRIPTOMIC,,GEO,0,0,4520068,7693208,GSE104203,GSM2792402,29239721.0,,,,light,wt_lowlight_dawn_12h,wt_clearday_dawn_0.5h,12h since dawn,2.0,light_wt_lowlight_dawn_12h_2,wt,BG-11,,,,,,,,,,,,,,,,,,,,True,True,True,light:wt_lowlight_dawn_12h,True
SRX3211320,2017-12-18 09:18:10,1140,Synechococcus elongatus PCC 7942 = FACHB-805,32046,1117,1140,Synechococcus elongatus,SINGLE,ILLUMINA,Illumina HiSeq 2500,SRR6069393,SRP118803,PRJNA412032,412032,SRS2536082,SAMN07693207,SRA612636,RNA-Seq,cDNA,TRANSCRIPTOMIC,,GEO,0,0,4520069,7693207,GSE104203,GSM2792403,29239721.0,,,,light,wt_clearday_dawn_0.5h,wt_clearday_dawn_0.5h,0.5h since dawn,1.0,light_wt_clearday_dawn_0.5h_1,wt,BG-11,,,,,,,,,,,,,,,,,,,,True,True,True,light:wt_clearday_dawn_0.5h,True
SRX3211321,2017-12-18 09:18:10,1140,Synechococcus elongatus PCC 7942 = FACHB-805,32046,1117,1140,Synechococcus elongatus,SINGLE,ILLUMINA,Illumina HiSeq 2500,SRR6069394,SRP118803,PRJNA412032,412032,SRS2536083,SAMN07693205,SRA612636,RNA-Seq,cDNA,TRANSCRIPTOMIC,,GEO,0,0,4520070,7693205,GSE104203,GSM2792404,29239721.0,,,,light,wt_clearday_dawn_0.5h,wt_clearday_dawn_0.5h,0.5h since dawn,2.0,light_wt_clearday_dawn_0.5h_2,wt,BG-11,,,,,,,,,,,,,,,,,,,,True,True,True,light:wt_clearday_dawn_0.5h,True
SRX3211322,2017-12-18 09:18:10,1140,Synechococcus elongatus PCC 7942 = FACHB-805,32046,1117,1140,Synechococcus elongatus,SINGLE,ILLUMINA,Illumina HiSeq 2500,SRR6069395,SRP118803,PRJNA412032,412032,SRS2536084,SAMN07693204,SRA612636,RNA-Seq,cDNA,TRANSCRIPTOMIC,,GEO,0,0,4520071,7693204,GSE104203,GSM2792405,29239721.0,,,,light,wt_clearday_dawn_2h,wt_clearday_dawn_0.5h,2h since dawn,1.0,light_wt_clearday_dawn_2h_1,wt,BG-11,,,,,,,,,,,,,,,,,,,,True,True,True,light:wt_clearday_dawn_2h,True
SRX3211323,2017-12-18 09:18:10,1140,Synechococcus elongatus PCC 7942 = FACHB-805,32046,1117,1140,Synechococcus elongatus,SINGLE,ILLUMINA,Illumina HiSeq 2500,SRR6069396,SRP118803,PRJNA412032,412032,SRS2536085,SAMN07693203,SRA612636,RNA-Seq,cDNA,TRANSCRIPTOMIC,,GEO,0,0,4520072,7693203,GSE104203,GSM2792406,29239721.0,,,,light,wt_clearday_dawn_2h,wt_clearday_dawn_0.5h,2h since dawn,2.0,light_wt_clearday_dawn_2h_2,wt,BG-11,,,,,,,,,,,,,,,,,,,,True,True,True,light:wt_clearday_dawn_2h,True
SRX3211324,2017-12-18 09:18:10,1140,Synechococcus elongatus PCC 7942 = FACHB-805,32046,1117,1140,Synechococcus elongatus,SINGLE,ILLUMINA,Illumina HiSeq 2500,SRR6069397,SRP118803,PRJNA412032,412032,SRS2536086,SAMN07693193,SRA612636,RNA-Seq,cDNA,TRANSCRIPTOMIC,,GEO,0,0,4520073,7693193,GSE104203,GSM2792407,29239721.0,,,,light,wt_clearday_dawn_4h,wt_clearday_dawn_0.5h,4h since dawn,1.0,light_wt_clearday_dawn_4h_1,wt,BG-11,,,,,,,,,,,,,,,,,,,,True,True,True,light:wt_clearday_dawn_4h,True
SRX3211325,2017-12-18 09:18:10,1140,Synechococcus elongatus PCC 7942 = FACHB-805,32046,1117,1140,Synechococcus elongatus,SINGLE,ILLUMINA,Illumina HiSeq 2500,SRR6069398,SRP118803,PRJNA412032,412032,SRS2536087,SAMN07693192,SRA612636,RNA-Seq,cDNA,TRANSCRIPTOMIC,,GEO,0,0,4520074,7693192,GSE104203,GSM2792408,29239721.0,,,,light,wt_clearday_dawn_4h,wt_clearday_dawn_0.5h,4h since dawn,2.0,light_wt_clearday_dawn_4h_2,wt,BG-11,,,,,,,,,,,,,,,,,,,,True,True,True,light:wt_clearday_dawn_4h,True
SRX3211326,2017-12-18 09:18:10,1140,Synechococcus elongatus PCC 7942 = FACHB-805,32046,1117,1140,Synechococcus elongatus,SINGLE,ILLUMINA,Illumina HiSeq 2500,SRR6069399,SRP118803,PRJNA412032,412032,SRS2536088,SAMN07693191,SRA612636,RNA-Seq,cDNA,TRANSCRIPTOMIC,,GEO,0,0,4520075,7693191,GSE104203,GSM2792409,29239721.0,,,,light,wt_clearday_dawn_6h,wt_clearday_dawn_0.5h,6h since dawn,1.0,light_wt_clearday_dawn_6h_1,wt,BG-11,,,,,,,,,,,,,,,,,,,,True,True,True,light:wt_clearday_dawn_6h,True
SRX3211327,2017-12-18 09:18:10,1140,Synechococcus elongatus PCC 7942 = FACHB-805,32046,1117,1140,Synechococcus elongatus,SINGLE,ILLUMINA,Illumina HiSeq 2500,SRR6069400,SRP118803,PRJNA412032,412032,SRS2536089,SAMN07693190,SRA612636,RNA-Seq,cDNA,TRANSCRIPTOMIC,,GEO,0,0,4520076,7693190,GSE104203,GSM2792410,29239721.0,,,,light,wt_clearday_dawn_6h,wt_clearday_dawn_0.5h,6h since dawn,2.0,light_wt_clearday_dawn_6h_2,wt,BG-11,,,,,,,,,,,,,,,,,,,,True,True,True,light:wt_clearday_dawn_6h,True
SRX3211328,2017-12-18 09:18:10,1140,Synechococcus elongatus PCC 7942 = FACHB-805,32046,1117,1140,Synechococcus elongatus,SINGLE,ILLUMINA,Illumina HiSeq 2500,SRR6069401,SRP118803,PRJNA412032,412032,SRS2536090,SAMN07693189,SRA612636,RNA-Seq,cDNA,TRANSCRIPTOMIC,,GEO,0,0,4520077,7693189,GSE104203,GSM2792411,29239721.0,,,,light,wt_clearday_dawn_8h,wt_clearday_dawn_0.5h,8h since dawn,1.0,light_wt_clearday_dawn_8h_1,wt,BG-11,,,,,,,,,,,,,,,,,,,,True,True,True,light:wt_clearday_dawn_8h,True
SRX3211329,2017-12-18 09:18:10,1140,Synechococcus elongatus PCC 7942 = FACHB-805,32046,1117,1140,Synechococcus elongatus,SINGLE,ILLUMINA,Illumina HiSeq 2500,SRR6069402,SRP118803,PRJNA412032,412032,SRS2536091,SAMN07693188,SRA612636,RNA-Seq,cDNA,TRANSCRIPTOMIC,,GEO,0,0,4520078,7693188,GSE104203,GSM2792412,29239721.0,,,,light,wt_clearday_dawn_8h,wt_clearday_dawn_0.5h,8h since dawn,2.0,light_wt_clearday_dawn_8h_2,wt,BG-11,,,,,,,,,,,,,,,,,,,,True,True,True,light:wt_clearday_dawn_8h,True
SRX3211330,2017-12-18 09:18:10,1140,Synechococcus elongatus PCC 7942 = FACHB-805,32046,1117,1140,Synechococcus elongatus,SINGLE,ILLUMINA,Illumina HiSeq 2500,SRR6069403,SRP118803,PRJNA412032,412032,SRS2536092,SAMN07693187,SRA612636,RNA-Seq,cDNA,TRANSCRIPTOMIC,,GEO,0,0,4520079,7693187,GSE104203,GSM2792413,29239721.0,,,,light,wt_clearday_dawn_9h,wt_clearday_dawn_0.5h,9h since dawn,1.0,light_wt_clearday_dawn_9h_1,wt,BG-11,,,,,,,,,,,,,,,,,,,,True,True,True,light:wt_clearday_dawn_9h,True
SRX3211331,2017-12-18 09:18:10,1140,Synechococcus elongatus PCC 7942 = FACHB-805,32046,1117,1140,Synechococcus elongatus,SINGLE,ILLUMINA,Illumina HiSeq 2500,SRR6069404,SRP118803,PRJNA412032,412032,SRS2536093,SAMN07693186,SRA612636,RNA-Seq,cDNA,TRANSCRIPTOMIC,,GEO,0,0,4520080,7693186,GSE104203,GSM2792414,29239721.0,,,,light,wt_clearday_dawn_9h,wt_clearday_dawn_0.5h,9h since dawn,2.0,light_wt_clearday_dawn_9h_2,wt,BG-11,,,,,,,,,,,,,,,,,,,,True,True,True,light:wt_clearday_dawn_9h,True
SRX3211332,2017-12-18 09:18:10,1140,Synechococcus elongatus PCC 7942 = FACHB-805,32046,1117,1140,Synechococcus elongatus,SINGLE,ILLUMINA,Illumina HiSeq 2500,SRR6069405,SRP118803,PRJNA412032,412032,SRS2536094,SAMN07693185,SRA612636,RNA-Seq,cDNA,TRANSCRIPTOMIC,,GEO,0,0,4520081,7693185,GSE104203,GSM2792415,29239721.0,,,,light,wt_clearday_dawn_10h,wt_clearday_dawn_0.5h,10h since dawn,1.0,light_wt_clearday_dawn_10h_1,wt,BG-11,,,,,,,,,,,,,,,,,,,,True,True,True,light:wt_clearday_dawn_10h,True
SRX3211333,2017-12-18 09:18:11,1140,Synechococcus elongatus PCC 7942 = FACHB-805,32046,1117,1140,Synechococcus elongatus,SINGLE,ILLUMINA,Illumina HiSeq 2500,SRR6069406,SRP118803,PRJNA412032,412032,SRS2536095,SAMN07693184,SRA612636,RNA-Seq,cDNA,TRANSCRIPTOMIC,,GEO,0,0,4520082,7693184,GSE104203,GSM2792416,29239721.0,,,,light,wt_clearday_dawn_10h,wt_clearday_dawn_0.5h,10h since dawn,2.0,light_wt_clearday_dawn_10h_2,wt,BG-11,,,,,,,,,,,,,,,,,,,,True,True,True,light:wt_clearday_dawn_10h,True
SRX3211334,2017-12-18 09:18:11,1140,Synechococcus elongatus PCC 7942 = FACHB-805,32046,1117,1140,Synechococcus elongatus,SINGLE,ILLUMINA,Illumina HiSeq 2500,SRR6069407,SRP118803,PRJNA412032,412032,SRS2536096,SAMN07693183,SRA612636,RNA-Seq,cDNA,TRANSCRIPTOMIC,,GEO,0,0,4520083,7693183,GSE104203,GSM2792417,29239721.0,,,,light,wt_clearday_dawn_12h,wt_clearday_dawn_0.5h,12h since dawn,1.0,light_wt_clearday_dawn_12h_1,wt,BG-11,,,,,,,,,,,,,,,,,,,,True,True,True,light:wt_clearday_dawn_12h,True
SRX3211335,2017-12-18 09:18:11,1140,Synechococcus elongatus PCC 7942 = FACHB-805,32046,1117,1140,Synechococcus elongatus,SINGLE,ILLUMINA,Illumina HiSeq 2500,SRR6069408,SRP118803,PRJNA412032,412032,SRS2536097,SAMN07693182,SRA612636,RNA-Seq,cDNA,TRANSCRIPTOMIC,,GEO,0,0,4520084,7693182,GSE104203,GSM2792418,29239721.0,,,,light,wt_clearday_dawn_12h,wt_clearday_dawn_0.5h,12h since dawn,2.0,light_wt_clearday_dawn_12h_2,wt,BG-11,,,,,,,,,,,,,,,,,,,,True,True,True,light:wt_clearday_dawn_12h,True
SRX3211336,2017-12-18 09:18:11,1140,Synechococcus elongatus PCC 7942 = FACHB-805,32046,1117,1140,Synechococcus elongatus,SINGLE,ILLUMINA,Illumina HiSeq 2500,SRR6069409,SRP118803,PRJNA412032,412032,SRS2536098,SAMN07693181,SRA612636,RNA-Seq,cDNA,TRANSCRIPTOMIC,,GEO,0,0,4520085,7693181,GSE104203,GSM2792419,29239721.0,,,,light,wt_highlight_pulse_8h,wt_clearday_dawn_0.5h,"8h since dawn, Time 0",1.0,light_wt_highlight_pulse_8h_1,wt,BG-11,,,,,,,,,,,,,,,,,,,,True,True,True,light:wt_highlight_pulse_8h,True
SRX3211337,2017-12-18 09:18:11,1140,Synechococcus elongatus PCC 7942 = FACHB-805,32046,1117,1140,Synechococcus elongatus,SINGLE,ILLUMINA,Illumina HiSeq 2500,SRR6069410,SRP118803,PRJNA412032,412032,SRS2536099,SAMN07693180,SRA612636,RNA-Seq,cDNA,TRANSCRIPTOMIC,,GEO,0,0,4520086,7693180,GSE104203,GSM2792420,29239721.0,,,,light,wt_highlight_pulse_8h,wt_clearday_dawn_0.5h,"8h since dawn, Time 0",2.0,light_wt_highlight_pulse_8h_2,wt,BG-11,,,,,,,,,,,,,,,,,,,,True,True,True,light:wt_highlight_pulse_8h,True
SRX3211338,2017-12-18 09:18:11,1140,Synechococcus elongatus PCC 7942 = FACHB-805,32046,1117,1140,Synechococcus elongatus,SINGLE,ILLUMINA,Illumina HiSeq 2500,SRR6069411,SRP118803,PRJNA412032,412032,SRS2536100,SAMN07693179,SRA612636,RNA-Seq,cDNA,TRANSCRIPTOMIC,,GEO,0,0,4520087,7693179,GSE104203,GSM2792421,29239721.0,,,,light,wt_highlight_pulse_8.25h,wt_clearday_dawn_0.5h,"8.25h since dawn, Time 15 min",1.0,light_wt_highlight_pulse_8.25h_1,wt,BG-11,,,,,,,,,,,,,,,,,,,,True,True,True,light:wt_highlight_pulse_8.25h,True
SRX3211339,2017-12-18 09:18:11,1140,Synechococcus elongatus PCC 7942 = FACHB-805,32046,1117,1140,Synechococcus elongatus,SINGLE,ILLUMINA,Illumina HiSeq 2500,SRR6069412,SRP118803,PRJNA412032,412032,SRS2536101,SAMN07693178,SRA612636,RNA-Seq,cDNA,TRANSCRIPTOMIC,,GEO,0,0,4520088,7693178,GSE104203,GSM2792422,29239721.0,,,,light,wt_highlight_pulse_8.25h,wt_clearday_dawn_0.5h,"9.25h since dawn, Time 15 min",2.0,light_wt_highlight_pulse_8.25h_2,wt,BG-11,,,,,,,,,,,,,,,,,,,,True,True,True,light:wt_highlight_pulse_8.25h,True
SRX3211340,2017-12-18 09:18:11,1140,Synechococcus elongatus PCC 7942 = FACHB-805,32046,1117,1140,Synechococcus elongatus,SINGLE,ILLUMINA,Illumina HiSeq 2500,SRR6069413,SRP118803,PRJNA412032,412032,SRS2536102,SAMN07693177,SRA612636,RNA-Seq,cDNA,TRANSCRIPTOMIC,,GEO,0,0,4520089,7693177,GSE104203,GSM2792423,29239721.0,,,,light,wt_highlight_pulse_8.5h,wt_clearday_dawn_0.5h,"8.5h since dawn, Time 30 min",1.0,light_wt_highlight_pulse_8.5h_1,wt,BG-11,,,,,,,,,,,,,,,,,,,,True,True,True,light:wt_highlight_pulse_8.5h,True
SRX3211341,2017-12-18 09:18:11,1140,Synechococcus elongatus PCC 7942 = FACHB-805,32046,1117,1140,Synechococcus elongatus,SINGLE,ILLUMINA,Illumina HiSeq 2500,SRR6069414,SRP118803,PRJNA412032,412032,SRS2536103,SAMN07693176,SRA612636,RNA-Seq,cDNA,TRANSCRIPTOMIC,,GEO,0,0,4520090,7693176,GSE104203,GSM2792424,29239721.0,,,,light,wt_highlight_pulse_8.5h,wt_clearday_dawn_0.5h,"8.5h since dawn, Time 30 min",2.0,light_wt_highlight_pulse_8.5h_2,wt,BG-11,,,,,,,,,,,,,,,,,,,,True,True,True,light:wt_highlight_pulse_8.5h,True
SRX3211342,2017-12-18 09:18:11,1140,Synechococcus elongatus PCC 7942 = FACHB-805,32046,1117,1140,Synechococcus elongatus,SINGLE,ILLUMINA,Illumina HiSeq 2500,SRR6069415,SRP118803,PRJNA412032,412032,SRS2536104,SAMN07693175,SRA612636,RNA-Seq,cDNA,TRANSCRIPTOMIC,,GEO,0,0,4520091,7693175,GSE104203,GSM2792425,29239721.0,,,,light,wt_highlight_pulse_9h,wt_clearday_dawn_0.5h,"9h since dawn, time 60 min",1.0,light_wt_highlight_pulse_9h_1,wt,BG-11,,,,,,,,,,,,,,,,,,,,True,True,True,light:wt_highlight_pulse_9h,True
SRX3211343,2017-12-18 09:18:11,1140,Synechococcus elongatus PCC 7942 = FACHB-805,32046,1117,1140,Synechococcus elongatus,SINGLE,ILLUMINA,Illumina HiSeq 2500,SRR6069419,SRP118803,PRJNA412032,412032,SRS2536105,SAMN07693171,SRA612636,RNA-Seq,cDNA,TRANSCRIPTOMIC,,GEO,0,0,4520092,7693171,GSE104203,GSM2792429,29239721.0,,,,light,wt_highlight_pulse_9.5h,wt_clearday_dawn_0.5h,"9.5h since dawn, Time 30 min return",1.0,light_wt_highlight_pulse_9.5h_1,wt,BG-11,,,,,,,,,,,,,,,,,,,,True,True,True,light:wt_highlight_pulse_9.5h,True
SRX3211344,2017-12-18 09:18:11,1140,Synechococcus elongatus PCC 7942 = FACHB-805,32046,1117,1140,Synechococcus elongatus,SINGLE,ILLUMINA,Illumina HiSeq 2500,SRR6069420,SRP118803,PRJNA412032,412032,SRS2536106,SAMN07693170,SRA612636,RNA-Seq,cDNA,TRANSCRIPTOMIC,,GEO,0,0,4520093,7693170,GSE104203,GSM2792430,29239721.0,,,,light,wt_highlight_pulse_9.5h,wt_clearday_dawn_0.5h,"9.5h since dawn, Time 30 min return",2.0,light_wt_highlight_pulse_9.5h_2,wt,BG-11,,,,,,,,,,,,,,,,,,,,True,True,True,light:wt_highlight_pulse_9.5h,True
SRX3211345,2017-12-18 09:18:11,1140,Synechococcus elongatus PCC 7942 = FACHB-805,32046,1117,1140,Synechococcus elongatus,SINGLE,ILLUMINA,Illumina HiSeq 2500,SRR6069421,SRP118803,PRJNA412032,412032,SRS2536107,SAMN07693169,SRA612636,RNA-Seq,cDNA,TRANSCRIPTOMIC,,GEO,0,0,4520094,7693169,GSE104203,GSM2792431,29239721.0,,,,light,wt_highlight_pulse_10h,wt_clearday_dawn_0.5h,"10h since dawn, Time 60 min return",1.0,light_wt_highlight_pulse_10h_1,wt,BG-11,,,,,,,,,,,,,,,,,,,,True,True,True,light:wt_highlight_pulse_10h,True
SRX3211346,2017-12-18 09:18:11,1140,Synechococcus elongatus PCC 7942 = FACHB-805,32046,1117,1140,Synechococcus elongatus,SINGLE,ILLUMINA,Illumina HiSeq 2500,SRR6069422,SRP118803,PRJNA412032,412032,SRS2536108,SAMN07693168,SRA612636,RNA-Seq,cDNA,TRANSCRIPTOMIC,,GEO,0,0,4520095,7693168,GSE104203,GSM2792432,29239721.0,,,,light,wt_highlight_pulse_10h,wt_clearday_dawn_0.5h,"10h since dawn, Time 60 min return",2.0,light_wt_highlight_pulse_10h_2,wt,BG-11,,,,,,,,,,,,,,,,,,,,True,True,True,light:wt_highlight_pulse_10h,True
SRX3211347,2017-12-18 09:18:11,1140,Synechococcus elongatus PCC 7942 = FACHB-805,32046,1117,1140,Synechococcus elongatus,SINGLE,ILLUMINA,Illumina HiSeq 2500,SRR6069423,SRP118803,PRJNA412032,412032,SRS2536110,SAMN07693167,SRA612636,RNA-Seq,cDNA,TRANSCRIPTOMIC,,GEO,0,0,4520096,7693167,GSE104203,GSM2792433,29239721.0,,,,light,wt_shade_pulse_8h,wt_clearday_dawn_0.5h,"8h since dawn, Time 0",1.0,light_wt_shade_pulse_8h_1,wt,BG-11,,,,,,,,,,,,,,,,,,,,True,True,True,light:wt_shade_pulse_8h,True
SRX3211348,2017-12-18 09:18:11,1140,Synechococcus elongatus PCC 7942 = FACHB-805,32046,1117,1140,Synechococcus elongatus,SINGLE,ILLUMINA,Illumina HiSeq 2500,SRR6069424,SRP118803,PRJNA412032,412032,SRS2536109,SAMN07693166,SRA612636,RNA-Seq,cDNA,TRANSCRIPTOMIC,,GEO,0,0,4520097,7693166,GSE104203,GSM2792434,29239721.0,,,,light,wt_shade_pulse_8h,wt_clearday_dawn_0.5h,"8h since dawn, Time 0",2.0,light_wt_shade_pulse_8h_2,wt,BG-11,,,,,,,,,,,,,,,,,,,,True,True,True,light:wt_shade_pulse_8h,True
SRX3211349,2017-12-18 09:18:11,1140,Synechococcus elongatus PCC 7942 = FACHB-805,32046,1117,1140,Synechococcus elongatus,SINGLE,ILLUMINA,Illumina HiSeq 2500,SRR6069425,SRP118803,PRJNA412032,412032,SRS2536111,SAMN07693165,SRA612636,RNA-Seq,cDNA,TRANSCRIPTOMIC,,GEO,0,0,4520098,7693165,GSE104203,GSM2792435,29239721.0,,,,light,wt_shade_pulse_8.25h,wt_clearday_dawn_0.5h,"8.25h since dawn, Time 15 min",1.0,light_wt_shade_pulse_8.25h_1,wt,BG-11,,,,,,,,,,,,,,,,,,,,True,True,True,light:wt_shade_pulse_8.25h,True
SRX3211350,2017-12-18 09:18:11,1140,Synechococcus elongatus PCC 7942 = FACHB-805,32046,1117,1140,Synechococcus elongatus,SINGLE,ILLUMINA,Illumina HiSeq 2500,SRR6069426,SRP118803,PRJNA412032,412032,SRS2536113,SAMN07693164,SRA612636,RNA-Seq,cDNA,TRANSCRIPTOMIC,,GEO,0,0,4520099,7693164,GSE104203,GSM2792436,29239721.0,,,,light,wt_shade_pulse_8.25h,wt_clearday_dawn_0.5h,"8.25h since dawn, Time 15 min",2.0,light_wt_shade_pulse_8.25h_2,wt,BG-11,,,,,,,,,,,,,,,,,,,,True,True,True,light:wt_shade_pulse_8.25h,True
SRX3211351,2017-12-18 09:18:11,1140,Synechococcus elongatus PCC 7942 = FACHB-805,32046,1117,1140,Synechococcus elongatus,SINGLE,ILLUMINA,Illumina HiSeq 2500,SRR6069427,SRP118803,PRJNA412032,412032,SRS2536112,SAMN07693155,SRA612636,RNA-Seq,cDNA,TRANSCRIPTOMIC,,GEO,0,0,4520100,7693155,GSE104203,GSM2792437,29239721.0,,,,light,wt_shade_pulse_8.5h,wt_clearday_dawn_0.5h,"8.5h since dawn, Time 30 min",1.0,light_wt_shade_pulse_8.5h_1,wt,BG-11,,,,,,,,,,,,,,,,,,,,True,True,True,light:wt_shade_pulse_8.5h,True
SRX3211352,2017-12-18 09:18:11,1140,Synechococcus elongatus PCC 7942 = FACHB-805,32046,1117,1140,Synechococcus elongatus,SINGLE,ILLUMINA,Illumina HiSeq 2500,SRR6069428,SRP118803,PRJNA412032,412032,SRS2536114,SAMN07693202,SRA612636,RNA-Seq,cDNA,TRANSCRIPTOMIC,,GEO,0,0,4520101,7693202,GSE104203,GSM2792438,29239721.0,,,,light,wt_shade_pulse_8.5h,wt_clearday_dawn_0.5h,"8.5h since dawn, Time 30 min",2.0,light_wt_shade_pulse_8.5h_2,wt,BG-11,,,,,,,,,,,,,,,,,,,,True,True,True,light:wt_shade_pulse_8.5h,True
SRX3211353,2017-12-18 09:18:11,1140,Synechococcus elongatus PCC 7942 = FACHB-805,32046,1117,1140,Synechococcus elongatus,SINGLE,ILLUMINA,Illumina HiSeq 2500,SRR6069429,SRP118803,PRJNA412032,412032,SRS2536115,SAMN07693196,SRA612636,RNA-Seq,cDNA,TRANSCRIPTOMIC,,GEO,0,0,4520102,7693196,GSE104203,GSM2792439,29239721.0,,,,light,wt_shade_pulse_9h,wt_clearday_dawn_0.5h,"9h since dawn, time 60 min",1.0,light_wt_shade_pulse_9h_1,wt,BG-11,,,,,,,,,,,,,,,,,,,,True,True,True,light:wt_shade_pulse_9h,True
SRX3211354,2017-12-18 09:18:11,1140,Synechococcus elongatus PCC 7942 = FACHB-805,32046,1117,1140,Synechococcus elongatus,SINGLE,ILLUMINA,Illumina HiSeq 2500,SRR6069430,SRP118803,PRJNA412032,412032,SRS2536116,SAMN07693201,SRA612636,RNA-Seq,cDNA,TRANSCRIPTOMIC,,GEO,0,0,4520103,7693201,GSE104203,GSM2792440,29239721.0,,,,light,wt_shade_pulse_9h,wt_clearday_dawn_0.5h,"9h since dawn, time 60 min",2.0,light_wt_shade_pulse_9h_2,wt,BG-11,,,,,,,,,,,,,,,,,,,,True,True,True,light:wt_shade_pulse_9h,True
SRX3211355,2017-12-18 09:18:11,1140,Synechococcus elongatus PCC 7942 = FACHB-805,32046,1117,1140,Synechococcus elongatus,SINGLE,ILLUMINA,Illumina HiSeq 2500,SRR6069431,SRP118803,PRJNA412032,412032,SRS2536117,SAMN07693200,SRA612636,RNA-Seq,cDNA,TRANSCRIPTOMIC,,GEO,0,0,4520104,7693200,GSE104203,GSM2792441,29239721.0,,,,light,wt_shade_pulse_9.25h,wt_clearday_dawn_0.5h,"9.25h since dawn, Time 15 min",1.0,light_wt_shade_pulse_9.25h_1,wt,BG-11,,,,,,,,,,,,,,,,,,,,True,True,True,light:wt_shade_pulse_9.25h,True
SRX3211356,2017-12-18 09:18:11,1140,Synechococcus elongatus PCC 7942 = FACHB-805,32046,1117,1140,Synechococcus elongatus,SINGLE,ILLUMINA,Illumina HiSeq 2500,SRR6069432,SRP118803,PRJNA412032,412032,SRS2536118,SAMN07693199,SRA612636,RNA-Seq,cDNA,TRANSCRIPTOMIC,,GEO,0,0,4520105,7693199,GSE104203,GSM2792442,29239721.0,,,,light,wt_shade_pulse_9.25h,wt_clearday_dawn_0.5h,"9.25h since dawn, Time 15 min",2.0,light_wt_shade_pulse_9.25h_2,wt,BG-11,,,,,,,,,,,,,,,,,,,,True,True,True,light:wt_shade_pulse_9.25h,True
SRX3211357,2017-12-18 09:18:11,1140,Synechococcus elongatus PCC 7942 = FACHB-805,32046,1117,1140,Synechococcus elongatus,SINGLE,ILLUMINA,Illumina HiSeq 2500,SRR6069433,SRP118803,PRJNA412032,412032,SRS2536119,SAMN07693198,SRA612636,RNA-Seq,cDNA,TRANSCRIPTOMIC,,GEO,0,0,4520106,7693198,GSE104203,GSM2792443,29239721.0,,,,light,wt_shade_pulse_9.5h,wt_clearday_dawn_0.5h,"9.5h since dawn, Time 30 min return",1.0,light_wt_shade_pulse_9.5h_1,wt,BG-11,,,,,,,,,,,,,,,,,,,,True,True,True,light:wt_shade_pulse_9.5h,True
SRX3211358,2017-12-18 09:18:11,1140,Synechococcus elongatus PCC 7942 = FACHB-805,32046,1117,1140,Synechococcus elongatus,SINGLE,ILLUMINA,Illumina HiSeq 2500,SRR6069434,SRP118803,PRJNA412032,412032,SRS2536120,SAMN07693197,SRA612636,RNA-Seq,cDNA,TRANSCRIPTOMIC,,GEO,0,0,4520107,7693197,GSE104203,GSM2792444,29239721.0,,,,light,wt_shade_pulse_9.5h,wt_clearday_dawn_0.5h,"9.5h since dawn, Time 30 min return",2.0,light_wt_shade_pulse_9.5h_2,wt,BG-11,,,,,,,,,,,,,,,,,,,,True,True,True,light:wt_shade_pulse_9.5h,True
SRX3211359,2017-12-18 09:18:11,1140,Synechococcus elongatus PCC 7942 = FACHB-805,32046,1117,1140,Synechococcus elongatus,SINGLE,ILLUMINA,Illumina HiSeq 2500,SRR6069435,SRP118803,PRJNA412032,412032,SRS2536121,SAMN07693195,SRA612636,RNA-Seq,cDNA,TRANSCRIPTOMIC,,GEO,0,0,4520108,7693195,GSE104203,GSM2792445,29239721.0,,,,light,wt_shade_pulse_10h,wt_clearday_dawn_0.5h,"10h since dawn, Time 60 min return",1.0,light_wt_shade_pulse_10h_1,wt,BG-11,,,,,,,,,,,,,,,,,,,,True,True,True,light:wt_shade_pulse_10h,True
SRX3211360,2017-12-18 09:18:11,1140,Synechococcus elongatus PCC 7942 = FACHB-805,32046,1117,1140,Synechococcus elongatus,SINGLE,ILLUMINA,Illumina HiSeq 2500,SRR6069436,SRP118803,PRJNA412032,412032,SRS2536122,SAMN07693194,SRA612636,RNA-Seq,cDNA,TRANSCRIPTOMIC,,GEO,0,0,4520109,7693194,GSE104203,GSM2792446,29239721.0,,,,light,wt_shade_pulse_10h,wt_clearday_dawn_0.5h,"10h since dawn, Time 60 min return",2.0,light_wt_shade_pulse_10h_2,wt,BG-11,,,,,,,,,,,,,,,,,,,,True,True,True,light:wt_shade_pulse_10h,True
SRX3312468,2017-12-15 12:51:13,1140,Synechococcus elongatus PCC 7942 = FACHB-805,32046,1117,1140,Synechococcus elongatus,SINGLE,ILLUMINA,Illumina HiSeq 2000,SRR6202552,SRP120955,PRJNA415380,415380,SRS2618430,SAMN07822180,SRA622643,RNA-Seq,cDNA,TRANSCRIPTOMIC,,GEO,0,0,4640377,7822180,GSE105774,GSM2827755,,,rel- relAE335Q,,ppGpp,rel_relAE335Q_dusk_000,wt_dawn_0m,0h,1.0,ppGpp_rel_relAE335Q_dusk_000_1,rel- relAE335Q+,BG-11,,,,,,,,,,,,,,,,,,,,True,True,True,ppGpp:rel_relAE335Q_dusk_000,True
SRX3312469,2017-12-15 12:51:13,1140,Synechococcus elongatus PCC 7942 = FACHB-805,32046,1117,1140,Synechococcus elongatus,SINGLE,ILLUMINA,Illumina HiSeq 2000,SRR6202553,SRP120955,PRJNA415380,415380,SRS2618431,SAMN07822179,SRA622643,RNA-Seq,cDNA,TRANSCRIPTOMIC,,GEO,0,0,4640378,7822179,GSE105774,GSM2827756,,,rel- relAE335Q,,ppGpp,rel_relAE335Q_dark_005,wt_dawn_0m,5m,1.0,ppGpp_rel_relAE335Q_dark_005_1,rel- relAE335Q,BG-11,,,,,,,,,,,,,,,,,,,,True,True,True,ppGpp:rel_relAE335Q_dark_005,True
SRX3312470,2017-12-15 12:51:13,1140,Synechococcus elongatus PCC 7942 = FACHB-805,32046,1117,1140,Synechococcus elongatus,SINGLE,ILLUMINA,Illumina HiSeq 2000,SRR6202554,SRP120955,PRJNA415380,415380,SRS2618432,SAMN07822177,SRA622643,RNA-Seq,cDNA,TRANSCRIPTOMIC,,GEO,0,0,4640379,7822177,GSE105774,GSM2827757,,,rel- relAE335Q,,ppGpp,rel_relAE335Q_dark_015,wt_dawn_0m,15m,1.0,ppGpp_rel_relAE335Q_dark_015_1,rel- relAE335Q,BG-11,,,,,,,,,,,,,,,,,,,,True,True,True,ppGpp:rel_relAE335Q_dark_015,True
SRX3312471,2017-12-15 12:51:13,1140,Synechococcus elongatus PCC 7942 = FACHB-805,32046,1117,1140,Synechococcus elongatus,SINGLE,ILLUMINA,Illumina HiSeq 2000,SRR6202555,SRP120955,PRJNA415380,415380,SRS2618433,SAMN07822176,SRA622643,RNA-Seq,cDNA,TRANSCRIPTOMIC,,GEO,0,0,4640380,7822176,GSE105774,GSM2827758,,,rel- relAE335Q,,ppGpp,rel_relAE335Q_dark_030,wt_dawn_0m,30m,1.0,ppGpp_rel_relAE335Q_dark_030_1,rel- relAE335Q,BG-11,,,,,,,,,,,,,,,,,,,,True,True,True,ppGpp:rel_relAE335Q_dark_030,True
SRX3312472,2017-12-15 12:51:13,1140,Synechococcus elongatus PCC 7942 = FACHB-805,32046,1117,1140,Synechococcus elongatus,SINGLE,ILLUMINA,Illumina HiSeq 2000,SRR6202556,SRP120955,PRJNA415380,415380,SRS2618434,SAMN07822175,SRA622643,RNA-Seq,cDNA,TRANSCRIPTOMIC,,GEO,0,0,4640381,7822175,GSE105774,GSM2827759,,,rel- relAE335Q,,ppGpp,rel_relAE335Q_dark_060,wt_dawn_0m,1h,1.0,ppGpp_rel_relAE335Q_dark_060_1,rel- relAE335Q,BG-11,,,,,,,,,,,,,,,,,,,,True,True,True,ppGpp:rel_relAE335Q_dark_060,True
SRX3312473,2017-12-15 12:51:13,1140,Synechococcus elongatus PCC 7942 = FACHB-805,32046,1117,1140,Synechococcus elongatus,SINGLE,ILLUMINA,Illumina HiSeq 2000,SRR6202557,SRP120955,PRJNA415380,415380,SRS2618435,SAMN07822174,SRA622643,RNA-Seq,cDNA,TRANSCRIPTOMIC,,GEO,0,0,4640382,7822174,GSE105774,GSM2827760,,,rel- relAE335Q,,ppGpp,rel_relAE335Q_dark_120,wt_dawn_0m,2h,1.0,ppGpp_rel_relAE335Q_dark_120_1,rel- relAE335Q,BG-11,,,,,,,,,,,,,,,,,,,,True,True,True,ppGpp:rel_relAE335Q_dark_120,True
SRX3312486,2017-12-15 12:51:13,1140,Synechococcus elongatus PCC 7942 = FACHB-805,32046,1117,1140,Synechococcus elongatus,SINGLE,ILLUMINA,Illumina HiSeq 2000,SRR6202570,SRP120955,PRJNA415380,415380,SRS2618448,SAMN07822163,SRA622643,RNA-Seq,cDNA,TRANSCRIPTOMIC,,GEO,0,0,4640395,7822163,GSE105774,GSM2827773,,,rel- relAE335Q,,ppGpp,rel_relAE335Q_dusk_000,wt_dawn_0m,0m,2.0,ppGpp_rel_relAE335Q_dusk_000_2,rel- relAE335Q,BG-11,,,,,,,,,,,,,,,,,,,,True,True,True,ppGpp:rel_relAE335Q_dusk_000,True
SRX3312487,2017-12-15 12:51:13,1140,Synechococcus elongatus PCC 7942 = FACHB-805,32046,1117,1140,Synechococcus elongatus,SINGLE,ILLUMINA,Illumina HiSeq 2000,SRR6202571,SRP120955,PRJNA415380,415380,SRS2618449,SAMN07822162,SRA622643,RNA-Seq,cDNA,TRANSCRIPTOMIC,,GEO,0,0,4640396,7822162,GSE105774,GSM2827774,,,rel- relAE335Q,,ppGpp,rel_relAE335Q_dark_005,wt_dawn_0m,5m,2.0,ppGpp_rel_relAE335Q_dark_005_2,rel- relAE335Q,BG-11,,,,,,,,,,,,,,,,,,,,True,True,True,ppGpp:rel_relAE335Q_dark_005,True
SRX3312488,2017-12-15 12:51:13,1140,Synechococcus elongatus PCC 7942 = FACHB-805,32046,1117,1140,Synechococcus elongatus,SINGLE,ILLUMINA,Illumina HiSeq 2000,SRR6202572,SRP120955,PRJNA415380,415380,SRS2618450,SAMN07822161,SRA622643,RNA-Seq,cDNA,TRANSCRIPTOMIC,,GEO,0,0,4640397,7822161,GSE105774,GSM2827775,,,rel- relAE335Q,,ppGpp,rel_relAE335Q_dark_015,wt_dawn_0m,15m,2.0,ppGpp_rel_relAE335Q_dark_015_2,rel- relAE335Q,BG-11,,,,,,,,,,,,,,,,,,,,True,True,True,ppGpp:rel_relAE335Q_dark_015,True
SRX3312489,2017-12-15 12:51:13,1140,Synechococcus elongatus PCC 7942 = FACHB-805,32046,1117,1140,Synechococcus elongatus,SINGLE,ILLUMINA,Illumina HiSeq 2000,SRR6202573,SRP120955,PRJNA415380,415380,SRS2618451,SAMN07822160,SRA622643,RNA-Seq,cDNA,TRANSCRIPTOMIC,,GEO,0,0,4640398,7822160,GSE105774,GSM2827776,,,rel- relAE335Q,,ppGpp,rel_relAE335Q_dark_030,wt_dawn_0m,30m,2.0,ppGpp_rel_relAE335Q_dark_030_2,rel- relAE335Q,BG-11,,,,,,,,,,,,,,,,,,,,True,True,True,ppGpp:rel_relAE335Q_dark_030,True
SRX3312490,2017-12-15 12:51:13,1140,Synechococcus elongatus PCC 7942 = FACHB-805,32046,1117,1140,Synechococcus elongatus,SINGLE,ILLUMINA,Illumina HiSeq 2000,SRR6202574,SRP120955,PRJNA415380,415380,SRS2618452,SAMN07822159,SRA622643,RNA-Seq,cDNA,TRANSCRIPTOMIC,,GEO,0,0,4640399,7822159,GSE105774,GSM2827777,,,rel- relAE335Q,,ppGpp,rel_relAE335Q_dark_060,wt_dawn_0m,1h,2.0,ppGpp_rel_relAE335Q_dark_060_2,rel- relAE335Q,BG-11,,,,,,,,,,,,,,,,,,,,True,True,True,ppGpp:rel_relAE335Q_dark_060,True
SRX3312491,2017-12-15 12:51:13,1140,Synechococcus elongatus PCC 7942 = FACHB-805,32046,1117,1140,Synechococcus elongatus,SINGLE,ILLUMINA,Illumina HiSeq 2000,SRR6202575,SRP120955,PRJNA415380,415380,SRS2618454,SAMN07822158,SRA622643,RNA-Seq,cDNA,TRANSCRIPTOMIC,,GEO,0,0,4640400,7822158,GSE105774,GSM2827778,,,rel- relAE335Q,,ppGpp,rel_relAE335Q_dark_120,wt_dawn_0m,2h,2.0,ppGpp_rel_relAE335Q_dark_120_2,rel- relAE335Q,BG-11,,,,,,,,,,,,,,,,,,,,True,True,True,ppGpp:rel_relAE335Q_dark_120,True
SRX4105497,2019-05-20 16:28:41,1140,Synechococcus elongatus PCC 7942 = FACHB-805,32046,1117,1140,Synechococcus elongatus,SINGLE,ILLUMINA,Illumina HiSeq 2000,SRR7188773,SRP148555,PRJNA472248,472248,SRS3321322,SAMN09230269,SRA707995,RNA-Seq,cDNA,TRANSCRIPTOMIC,,GEO,0,0,5591058,9230269,GSE114693,GSM3147422,,,,,sigFctr,del_sigF_24h,del_rpoD2_0h,24h,1.0,sigFctr_del_sigF_24h_1,,,,,,,,,,,,,,,,,,,,,,True,True,True,sigFctr:del_sigF_24h,True
SRX4105498,2019-05-20 16:28:41,1140,Synechococcus elongatus PCC 7942 = FACHB-805,32046,1117,1140,Synechococcus elongatus,SINGLE,ILLUMINA,Illumina HiSeq 2000,SRR7188774,SRP148555,PRJNA472248,472248,SRS3321321,SAMN09230268,SRA707995,RNA-Seq,cDNA,TRANSCRIPTOMIC,,GEO,0,0,5591059,9230268,GSE114693,GSM3147423,,,,,sigFctr,del_sigF_28h,del_rpoD2_0h,28h,1.0,sigFctr_del_sigF_28h_1,,,,,,,,,,,,,,,,,,,,,,True,True,True,sigFctr:del_sigF_28h,True
SRX4105499,2019-05-20 16:28:41,1140,Synechococcus elongatus PCC 7942 = FACHB-805,32046,1117,1140,Synechococcus elongatus,SINGLE,ILLUMINA,Illumina HiSeq 2000,SRR7188775,SRP148555,PRJNA472248,472248,SRS3321323,SAMN09230267,SRA707995,RNA-Seq,cDNA,TRANSCRIPTOMIC,,GEO,0,0,5591060,9230267,GSE114693,GSM3147424,,,,,sigFctr,del_sigF_32h,del_rpoD2_0h,32h,1.0,sigFctr_del_sigF_32h_1,,,,,,,,,,,,,,,,,,,,,,True,True,True,sigFctr:del_sigF_32h,True
SRX4105501,2019-05-20 16:28:41,1140,Synechococcus elongatus PCC 7942 = FACHB-805,32046,1117,1140,Synechococcus elongatus,SINGLE,ILLUMINA,Illumina HiSeq 2000,SRR7188777,SRP148555,PRJNA472248,472248,SRS3321325,SAMN09230265,SRA707995,RNA-Seq,cDNA,TRANSCRIPTOMIC,,GEO,0,0,5591062,9230265,GSE114693,GSM3147426,,,,,sigFctr,del_sigF_40h,del_rpoD2_0h,40h,1.0,sigFctr_del_sigF_40h_1,,,,,,,,,,,,,,,,,,,,,,True,True,True,sigFctr:del_sigF_40h,True
SRX4105502,2019-05-20 16:28:41,1140,Synechococcus elongatus PCC 7942 = FACHB-805,32046,1117,1140,Synechococcus elongatus,SINGLE,ILLUMINA,Illumina HiSeq 2000,SRR7188778,SRP148555,PRJNA472248,472248,SRS3321326,SAMN09230240,SRA707995,RNA-Seq,cDNA,TRANSCRIPTOMIC,,GEO,0,0,5591063,9230240,GSE114693,GSM3147427,,,,,sigFctr,del_sigF_44h,del_rpoD2_0h,44h,1.0,sigFctr_del_sigF_44h_1,,,,,,,,,,,,,,,,,,,,,,True,True,True,sigFctr:del_sigF_44h,True
SRX4105503,2019-05-20 16:28:41,1140,Synechococcus elongatus PCC 7942 = FACHB-805,32046,1117,1140,Synechococcus elongatus,SINGLE,ILLUMINA,Illumina HiSeq 2000,SRR7188779,SRP148555,PRJNA472248,472248,SRS3321327,SAMN09230239,SRA707995,RNA-Seq,cDNA,TRANSCRIPTOMIC,,GEO,0,0,5591064,9230239,GSE114693,GSM3147428,,,,,sigFctr,del_sigF_24h,del_rpoD2_0h,24h,2.0,sigFctr_del_sigF_24h_2,,,,,,,,,,,,,,,,,,,,,,True,True,True,sigFctr:del_sigF_24h,True
SRX4105504,2019-05-20 16:28:41,1140,Synechococcus elongatus PCC 7942 = FACHB-805,32046,1117,1140,Synechococcus elongatus,SINGLE,ILLUMINA,Illumina HiSeq 2000,SRR7188780,SRP148555,PRJNA472248,472248,SRS3321328,SAMN09230238,SRA707995,RNA-Seq,cDNA,TRANSCRIPTOMIC,,GEO,0,0,5591065,9230238,GSE114693,GSM3147429,,,,,sigFctr,del_sigF_28h,del_rpoD2_0h,28h,2.0,sigFctr_del_sigF_28h_2,,,,,,,,,,,,,,,,,,,,,,True,True,True,sigFctr:del_sigF_28h,True
SRX4105505,2019-05-20 16:28:41,1140,Synechococcus elongatus PCC 7942 = FACHB-805,32046,1117,1140,Synechococcus elongatus,SINGLE,ILLUMINA,Illumina HiSeq 2000,SRR7188781,SRP148555,PRJNA472248,472248,SRS3321329,SAMN09230237,SRA707995,RNA-Seq,cDNA,TRANSCRIPTOMIC,,GEO,0,0,5591066,9230237,GSE114693,GSM3147430,,,,,sigFctr,del_sigF_32h,del_rpoD2_0h,32h,2.0,sigFctr_del_sigF_32h_2,,,,,,,,,,,,,,,,,,,,,,True,True,True,sigFctr:del_sigF_32h,True
SRX4105509,2019-05-20 16:28:41,1140,Synechococcus elongatus PCC 7942 = FACHB-805,32046,1117,1140,Synechococcus elongatus,SINGLE,ILLUMINA,Illumina HiSeq 2000,SRR7188785,SRP148555,PRJNA472248,472248,SRS3321333,SAMN09230233,SRA707995,RNA-Seq,cDNA,TRANSCRIPTOMIC,,GEO,0,0,5591070,9230233,GSE114693,GSM3147434,,,,,sigFctr,del_sigF_40h,del_rpoD2_0h,40h,2.0,sigFctr_del_sigF_40h_2,,,,,,,,,,,,,,,,,,,,,,True,True,True,sigFctr:del_sigF_40h,True
SRX4105510,2019-05-20 16:28:41,1140,Synechococcus elongatus PCC 7942 = FACHB-805,32046,1117,1140,Synechococcus elongatus,SINGLE,ILLUMINA,Illumina HiSeq 2000,SRR7188786,SRP148555,PRJNA472248,472248,SRS3321334,SAMN09230274,SRA707995,RNA-Seq,cDNA,TRANSCRIPTOMIC,,GEO,0,0,5591071,9230274,GSE114693,GSM3147435,,,,,sigFctr,del_sigF_44h,del_rpoD2_0h,44h,2.0,sigFctr_del_sigF_44h_2,,,,,,,,,,,,,,,,,,,,,,True,True,True,sigFctr:del_sigF_44h,True
SRX4105525,2019-05-20 16:28:42,1140,Synechococcus elongatus PCC 7942 = FACHB-805,32046,1117,1140,Synechococcus elongatus,SINGLE,ILLUMINA,Illumina HiSeq 2000,SRR7188801,SRP148555,PRJNA472248,472248,SRS3321349,SAMN09230326,SRA707995,RNA-Seq,cDNA,TRANSCRIPTOMIC,,GEO,0,0,5591086,9230326,GSE114693,GSM3147450,,,,,sigFctr,del_rpoD2_0h,del_rpoD2_0h,0h,1.0,sigFctr_del_rpoD2_0h_1,,,,,,,,,,,,,,,,,,,,,,True,True,True,sigFctr:del_rpoD2_0h,True
SRX4105526,2019-05-20 16:28:42,1140,Synechococcus elongatus PCC 7942 = FACHB-805,32046,1117,1140,Synechococcus elongatus,SINGLE,ILLUMINA,Illumina HiSeq 2000,SRR7188802,SRP148555,PRJNA472248,472248,SRS3321350,SAMN09230325,SRA707995,RNA-Seq,cDNA,TRANSCRIPTOMIC,,GEO,0,0,5591087,9230325,GSE114693,GSM3147451,,,,,sigFctr,del_rpoD2_0.5h,del_rpoD2_0h,0.5h,1.0,sigFctr_del_rpoD2_0.5h_1,,,,,,,,,,,,,,,,,,,,,,True,True,True,sigFctr:del_rpoD2_0.5h,True
SRX4105527,2019-05-20 16:28:42,1140,Synechococcus elongatus PCC 7942 = FACHB-805,32046,1117,1140,Synechococcus elongatus,SINGLE,ILLUMINA,Illumina HiSeq 2000,SRR7188803,SRP148555,PRJNA472248,472248,SRS3321351,SAMN09230324,SRA707995,RNA-Seq,cDNA,TRANSCRIPTOMIC,,GEO,0,0,5591088,9230324,GSE114693,GSM3147452,,,,,sigFctr,del_rpoD2_2h,del_rpoD2_0h,2h,1.0,sigFctr_del_rpoD2_2h_1,,,,,,,,,,,,,,,,,,,,,,True,True,True,sigFctr:del_rpoD2_2h,True
SRX4105528,2019-05-20 16:28:42,1140,Synechococcus elongatus PCC 7942 = FACHB-805,32046,1117,1140,Synechococcus elongatus,SINGLE,ILLUMINA,Illumina HiSeq 2000,SRR7188804,SRP148555,PRJNA472248,472248,SRS3321352,SAMN09230323,SRA707995,RNA-Seq,cDNA,TRANSCRIPTOMIC,,GEO,0,0,5591089,9230323,GSE114693,GSM3147453,,,,,sigFctr,del_rpoD2_3h,del_rpoD2_0h,3h,1.0,sigFctr_del_rpoD2_3h_1,,,,,,,,,,,,,,,,,,,,,,True,True,True,sigFctr:del_rpoD2_3h,True
SRX4105529,2019-05-20 16:28:42,1140,Synechococcus elongatus PCC 7942 = FACHB-805,32046,1117,1140,Synechococcus elongatus,SINGLE,ILLUMINA,Illumina HiSeq 2000,SRR7188805,SRP148555,PRJNA472248,472248,SRS3321353,SAMN09230322,SRA707995,RNA-Seq,cDNA,TRANSCRIPTOMIC,,GEO,0,0,5591090,9230322,GSE114693,GSM3147454,,,,,sigFctr,del_rpoD2_6h,del_rpoD2_0h,6h,1.0,sigFctr_del_rpoD2_6h_1,,,,,,,,,,,,,,,,,,,,,,True,True,True,sigFctr:del_rpoD2_6h,True
SRX4105530,2019-05-20 16:28:42,1140,Synechococcus elongatus PCC 7942 = FACHB-805,32046,1117,1140,Synechococcus elongatus,SINGLE,ILLUMINA,Illumina HiSeq 2000,SRR7188806,SRP148555,PRJNA472248,472248,SRS3321354,SAMN09230321,SRA707995,RNA-Seq,cDNA,TRANSCRIPTOMIC,,GEO,0,0,5591091,9230321,GSE114693,GSM3147455,,,,,sigFctr,del_rpoD2_9h,del_rpoD2_0h,9h,1.0,sigFctr_del_rpoD2_9h_1,,,,,,,,,,,,,,,,,,,,,,True,True,True,sigFctr:del_rpoD2_9h,True
SRX4105533,2019-05-20 16:28:42,1140,Synechococcus elongatus PCC 7942 = FACHB-805,32046,1117,1140,Synechococcus elongatus,SINGLE,ILLUMINA,Illumina HiSeq 2000,SRR7188809,SRP148555,PRJNA472248,472248,SRS3321357,SAMN09230318,SRA707995,RNA-Seq,cDNA,TRANSCRIPTOMIC,,GEO,0,0,5591094,9230318,GSE114693,GSM3147458,,,,,sigFctr,del_rpoD2_0h,del_rpoD2_0h,0h,2.0,sigFctr_del_rpoD2_0h_2,,,,,,,,,,,,,,,,,,,,,,True,True,True,sigFctr:del_rpoD2_0h,True
SRX4105536,2019-05-20 16:28:42,1140,Synechococcus elongatus PCC 7942 = FACHB-805,32046,1117,1140,Synechococcus elongatus,SINGLE,ILLUMINA,Illumina HiSeq 2000,SRR7188812,SRP148555,PRJNA472248,472248,SRS3321360,SAMN09230315,SRA707995,RNA-Seq,cDNA,TRANSCRIPTOMIC,,GEO,0,0,5591097,9230315,GSE114693,GSM3147461,,,,,sigFctr,del_rpoD2_2h,del_rpoD2_0h,2h,2.0,sigFctr_del_rpoD2_2h_2,,,,,,,,,,,,,,,,,,,,,,True,True,True,sigFctr:del_rpoD2_2h,True
SRX4105537,2019-05-20 16:28:42,1140,Synechococcus elongatus PCC 7942 = FACHB-805,32046,1117,1140,Synechococcus elongatus,SINGLE,ILLUMINA,Illumina HiSeq 2000,SRR7188813,SRP148555,PRJNA472248,472248,SRS3321361,SAMN09230314,SRA707995,RNA-Seq,cDNA,TRANSCRIPTOMIC,,GEO,0,0,5591098,9230314,GSE114693,GSM3147462,,,,,sigFctr,del_rpoD2_3h,del_rpoD2_0h,3h,2.0,sigFctr_del_rpoD2_3h_2,,,,,,,,,,,,,,,,,,,,,,True,True,True,sigFctr:del_rpoD2_3h,True
SRX4105538,2019-05-20 16:28:42,1140,Synechococcus elongatus PCC 7942 = FACHB-805,32046,1117,1140,Synechococcus elongatus,SINGLE,ILLUMINA,Illumina HiSeq 2000,SRR7188814,SRP148555,PRJNA472248,472248,SRS3321362,SAMN09230313,SRA707995,RNA-Seq,cDNA,TRANSCRIPTOMIC,,GEO,0,0,5591099,9230313,GSE114693,GSM3147463,,,,,sigFctr,del_rpoD2_6h,del_rpoD2_0h,6h,2.0,sigFctr_del_rpoD2_6h_2,,,,,,,,,,,,,,,,,,,,,,True,True,True,sigFctr:del_rpoD2_6h,True
SRX4105539,2019-05-20 16:28:42,1140,Synechococcus elongatus PCC 7942 = FACHB-805,32046,1117,1140,Synechococcus elongatus,SINGLE,ILLUMINA,Illumina HiSeq 2000,SRR7188815,SRP148555,PRJNA472248,472248,SRS3321363,SAMN09230312,SRA707995,RNA-Seq,cDNA,TRANSCRIPTOMIC,,GEO,0,0,5591100,9230312,GSE114693,GSM3147464,,,,,sigFctr,del_rpoD2_9h,del_rpoD2_0h,9h,2.0,sigFctr_del_rpoD2_9h_2,,,,,,,,,,,,,,,,,,,,,,True,True,True,sigFctr:del_rpoD2_9h,True
SRX4105542,2019-05-20 16:28:42,1140,Synechococcus elongatus PCC 7942 = FACHB-805,32046,1117,1140,Synechococcus elongatus,SINGLE,ILLUMINA,Illumina HiSeq 2000,SRR7188818,SRP148555,PRJNA472248,472248,SRS3321366,SAMN09230182,SRA707995,RNA-Seq,cDNA,TRANSCRIPTOMIC,,GEO,0,0,5591103,9230182,GSE114693,GSM3147467,,,,,sigFctr,del_rpoD2_0.5h,del_rpoD2_0h,0.5h,1.0,sigFctr_del_rpoD2_0.5h_1,,,,,,,,,,,,,,,,,,,,,,True,True,True,sigFctr:del_rpoD2_0.5h,True
SRX4105543,2019-05-20 16:28:42,1140,Synechococcus elongatus PCC 7942 = FACHB-805,32046,1117,1140,Synechococcus elongatus,SINGLE,ILLUMINA,Illumina HiSeq 2000,SRR7188819,SRP148555,PRJNA472248,472248,SRS3321367,SAMN09230241,SRA707995,RNA-Seq,cDNA,TRANSCRIPTOMIC,,GEO,0,0,5591104,9230241,GSE114693,GSM3147468,,,,,sigFctr,del_rpoD2_2h,del_rpoD2_0h,2h,1.0,sigFctr_del_rpoD2_2h_1,,,,,,,,,,,,,,,,,,,,,,True,True,True,sigFctr:del_rpoD2_2h,True
SRX4105544,2019-05-20 16:28:42,1140,Synechococcus elongatus PCC 7942 = FACHB-805,32046,1117,1140,Synechococcus elongatus,SINGLE,ILLUMINA,Illumina HiSeq 2000,SRR7188820,SRP148555,PRJNA472248,472248,SRS3321368,SAMN09230181,SRA707995,RNA-Seq,cDNA,TRANSCRIPTOMIC,,GEO,0,0,5591105,9230181,GSE114693,GSM3147469,,,,,sigFctr,del_rpoD2_3h,del_rpoD2_0h,3h,1.0,sigFctr_del_rpoD2_3h_1,,,,,,,,,,,,,,,,,,,,,,True,True,True,sigFctr:del_rpoD2_3h,True
SRX4105545,2019-05-20 16:28:42,1140,Synechococcus elongatus PCC 7942 = FACHB-805,32046,1117,1140,Synechococcus elongatus,SINGLE,ILLUMINA,Illumina HiSeq 2000,SRR7188821,SRP148555,PRJNA472248,472248,SRS3321370,SAMN09230208,SRA707995,RNA-Seq,cDNA,TRANSCRIPTOMIC,,GEO,0,0,5591106,9230208,GSE114693,GSM3147470,,,,,sigFctr,del_rpoD2_6h,del_rpoD2_0h,6h,1.0,sigFctr_del_rpoD2_6h_1,,,,,,,,,,,,,,,,,,,,,,True,True,True,sigFctr:del_rpoD2_6h,True
SRX4105546,2019-05-20 16:28:42,1140,Synechococcus elongatus PCC 7942 = FACHB-805,32046,1117,1140,Synechococcus elongatus,SINGLE,ILLUMINA,Illumina HiSeq 2000,SRR7188822,SRP148555,PRJNA472248,472248,SRS3321369,SAMN09230207,SRA707995,RNA-Seq,cDNA,TRANSCRIPTOMIC,,GEO,0,0,5591107,9230207,GSE114693,GSM3147471,,,,,sigFctr,del_rpoD2_9h,del_rpoD2_0h,9h,1.0,sigFctr_del_rpoD2_9h_1,,,,,,,,,,,,,,,,,,,,,,True,True,True,sigFctr:del_rpoD2_9h,True
SRX4105548,2019-05-20 16:28:42,1140,Synechococcus elongatus PCC 7942 = FACHB-805,32046,1117,1140,Synechococcus elongatus,SINGLE,ILLUMINA,Illumina HiSeq 2000,SRR7188824,SRP148555,PRJNA472248,472248,SRS3321372,SAMN09230205,SRA707995,RNA-Seq,cDNA,TRANSCRIPTOMIC,,GEO,0,0,5591109,9230205,GSE114693,GSM3147473,,,,,sigFctr,del_rpoD2_0h,del_rpoD2_0h,0h,2.0,sigFctr_del_rpoD2_0h_2,,,,,,,,,,,,,,,,,,,,,,True,True,True,sigFctr:del_rpoD2_0h,True
SRX4105551,2019-05-20 16:28:42,1140,Synechococcus elongatus PCC 7942 = FACHB-805,32046,1117,1140,Synechococcus elongatus,SINGLE,ILLUMINA,Illumina HiSeq 2000,SRR7188827,SRP148555,PRJNA472248,472248,SRS3321375,SAMN09230202,SRA707995,RNA-Seq,cDNA,TRANSCRIPTOMIC,,GEO,0,0,5591112,9230202,GSE114693,GSM3147476,,,,,sigFctr,del_rpoD2_3h,del_rpoD2_0h,3h,2.0,sigFctr_del_rpoD2_3h_2,,,,,,,,,,,,,,,,,,,,,,True,True,True,sigFctr:del_rpoD2_3h,True
SRX4105552,2019-05-20 16:28:42,1140,Synechococcus elongatus PCC 7942 = FACHB-805,32046,1117,1140,Synechococcus elongatus,SINGLE,ILLUMINA,Illumina HiSeq 2000,SRR7188828,SRP148555,PRJNA472248,472248,SRS3321376,SAMN09230201,SRA707995,RNA-Seq,cDNA,TRANSCRIPTOMIC,,GEO,0,0,5591113,9230201,GSE114693,GSM3147477,,,,,sigFctr,del_rpoD2_6h,del_rpoD2_0h,6h,2.0,sigFctr_del_rpoD2_6h_2,,,,,,,,,,,,,,,,,,,,,,True,True,True,sigFctr:del_rpoD2_6h,True
SRX4105555,2019-05-20 16:28:42,1140,Synechococcus elongatus PCC 7942 = FACHB-805,32046,1117,1140,Synechococcus elongatus,SINGLE,ILLUMINA,Illumina HiSeq 2000,SRR7188831,SRP148555,PRJNA472248,472248,SRS3321379,SAMN09230198,SRA707995,RNA-Seq,cDNA,TRANSCRIPTOMIC,,GEO,0,0,5591116,9230198,GSE114693,GSM3147480,,,,,sigFctr,del_rpoD2_0h,del_rpoD2_0h,0h,1.0,sigFctr_del_rpoD2_0h_1,,,,,,,,,,,,,,,,,,,,,,True,True,True,sigFctr:del_rpoD2_0h,True
SRX4105556,2019-05-20 16:28:42,1140,Synechococcus elongatus PCC 7942 = FACHB-805,32046,1117,1140,Synechococcus elongatus,SINGLE,ILLUMINA,Illumina HiSeq 2000,SRR7188832,SRP148555,PRJNA472248,472248,SRS3321380,SAMN09230197,SRA707995,RNA-Seq,cDNA,TRANSCRIPTOMIC,,GEO,0,0,5591117,9230197,GSE114693,GSM3147481,,,,,sigFctr,del_rpoD2_0.5h,del_rpoD2_0h,0.5h,1.0,sigFctr_del_rpoD2_0.5h_1,,,,,,,,,,,,,,,,,,,,,,True,True,True,sigFctr:del_rpoD2_0.5h,True
SRX4105557,2019-05-20 16:28:42,1140,Synechococcus elongatus PCC 7942 = FACHB-805,32046,1117,1140,Synechococcus elongatus,SINGLE,ILLUMINA,Illumina HiSeq 2000,SRR7188833,SRP148555,PRJNA472248,472248,SRS3321381,SAMN09230196,SRA707995,RNA-Seq,cDNA,TRANSCRIPTOMIC,,GEO,0,0,5591118,9230196,GSE114693,GSM3147482,,,,,sigFctr,del_ rpoD5_2h,del_rpoD2_0h,2h,1.0,sigFctr_del_ rpoD5_2h_1,,,,,,,,,,,,,,,,,,,,,,True,True,True,sigFctr:del_ rpoD5_2h,True
SRX4105558,2019-05-20 16:28:42,1140,Synechococcus elongatus PCC 7942 = FACHB-805,32046,1117,1140,Synechococcus elongatus,SINGLE,ILLUMINA,Illumina HiSeq 2000,SRR7188834,SRP148555,PRJNA472248,472248,SRS3321382,SAMN09230195,SRA707995,RNA-Seq,cDNA,TRANSCRIPTOMIC,,GEO,0,0,5591119,9230195,GSE114693,GSM3147483,,,,,sigFctr,del_ rpoD5_3h,del_rpoD2_0h,3h,1.0,sigFctr_del_ rpoD5_3h_1,,,,,,,,,,,,,,,,,,,,,,True,True,True,sigFctr:del_ rpoD5_3h,True
SRX4105559,2019-05-20 16:28:42,1140,Synechococcus elongatus PCC 7942 = FACHB-805,32046,1117,1140,Synechococcus elongatus,SINGLE,ILLUMINA,Illumina HiSeq 2000,SRR7188835,SRP148555,PRJNA472248,472248,SRS3321383,SAMN09230194,SRA707995,RNA-Seq,cDNA,TRANSCRIPTOMIC,,GEO,0,0,5591120,9230194,GSE114693,GSM3147484,,,,,sigFctr,del_ rpoD5_6h,del_rpoD2_0h,6h,1.0,sigFctr_del_ rpoD5_6h_1,,,,,,,,,,,,,,,,,,,,,,True,True,True,sigFctr:del_ rpoD5_6h,True
SRX4105561,2019-05-20 16:28:43,1140,Synechococcus elongatus PCC 7942 = FACHB-805,32046,1117,1140,Synechococcus elongatus,SINGLE,ILLUMINA,Illumina HiSeq 2000,SRR7188837,SRP148555,PRJNA472248,472248,SRS3321385,SAMN09230192,SRA707995,RNA-Seq,cDNA,TRANSCRIPTOMIC,,GEO,0,0,5591122,9230192,GSE114693,GSM3147486,,,,,sigFctr,del_ rpoD5_12h,del_rpoD2_0h,12h,1.0,sigFctr_del_ rpoD5_12h_1,,,,,,,,,,,,,,,,,,,,,,True,True,True,sigFctr:del_ rpoD5_12h,True
SRX4105564,2019-05-20 16:28:43,1140,Synechococcus elongatus PCC 7942 = FACHB-805,32046,1117,1140,Synechococcus elongatus,SINGLE,ILLUMINA,Illumina HiSeq 2000,SRR7188840,SRP148555,PRJNA472248,472248,SRS3321388,SAMN09230189,SRA707995,RNA-Seq,cDNA,TRANSCRIPTOMIC,,GEO,0,0,5591125,9230189,GSE114693,GSM3147489,,,,,sigFctr,del_ rpoD5_2h,del_rpoD2_0h,2h,2.0,sigFctr_del_ rpoD5_2h_2,,,,,,,,,,,,,,,,,,,,,,True,True,True,sigFctr:del_ rpoD5_2h,True
SRX4105565,2019-05-20 16:28:43,1140,Synechococcus elongatus PCC 7942 = FACHB-805,32046,1117,1140,Synechococcus elongatus,SINGLE,ILLUMINA,Illumina HiSeq 2000,SRR7188841,SRP148555,PRJNA472248,472248,SRS3321389,SAMN09230188,SRA707995,RNA-Seq,cDNA,TRANSCRIPTOMIC,,GEO,0,0,5591126,9230188,GSE114693,GSM3147490,,,,,sigFctr,del_ rpoD5_3h,del_rpoD2_0h,3h,2.0,sigFctr_del_ rpoD5_3h_2,,,,,,,,,,,,,,,,,,,,,,True,True,True,sigFctr:del_ rpoD5_3h,True
SRX4105566,2019-05-20 16:28:43,1140,Synechococcus elongatus PCC 7942 = FACHB-805,32046,1117,1140,Synechococcus elongatus,SINGLE,ILLUMINA,Illumina HiSeq 2000,SRR7188842,SRP148555,PRJNA472248,472248,SRS3321390,SAMN09230187,SRA707995,RNA-Seq,cDNA,TRANSCRIPTOMIC,,GEO,0,0,5591127,9230187,GSE114693,GSM3147491,,,,,sigFctr,del_ rpoD5_6h,del_rpoD2_0h,6h,2.0,sigFctr_del_ rpoD5_6h_2,,,,,,,,,,,,,,,,,,,,,,True,True,True,sigFctr:del_ rpoD5_6h,True
SRX4105568,2019-05-20 16:28:43,1140,Synechococcus elongatus PCC 7942 = FACHB-805,32046,1117,1140,Synechococcus elongatus,SINGLE,ILLUMINA,Illumina HiSeq 2000,SRR7188844,SRP148555,PRJNA472248,472248,SRS3321392,SAMN09230185,SRA707995,RNA-Seq,cDNA,TRANSCRIPTOMIC,,GEO,0,0,5591129,9230185,GSE114693,GSM3147493,,,,,sigFctr,del_ rpoD5_12h,del_rpoD2_0h,12h,2.0,sigFctr_del_ rpoD5_12h_2,,,,,,,,,,,,,,,,,,,,,,True,True,True,sigFctr:del_ rpoD5_12h,True
