,ReleaseDate,TaxID,ScientificName,species_tax_id,class_tax_id,strain_tax_id,species,LibraryLayout,Platform,Model,Run,SRAStudy,BioProject,ProjectID,Sample,BioSample,Submission,LibraryStrategy,LibrarySelection,LibrarySource,Body_Site,CenterName,InsertSize,InsertDev,SRA ID,Biosample,GEO Series,GEO Sample,PMID,biosample_strain,biosample_genotype,project,condition,ref_condition,post_induction_time,replicate_id,sample,strain_description,media,carbon_ml/min,carbon_source,nitrogen_source,inducer_agent,aerobicity,inoculation,supplement,temperature,pH,growth_phase,entraintment,post_entraintment_condition,OD_wavelength,OD,fluorescent light,light_flux_umol/m2s,light_flux_mol/m2s,light_intensity,passed_fastqc,passed_reads_mapped_to_CDS,passed_global_correlation,passed_global_correlation.1,Source,full_name,passed_similar_replicates
SRX063252,2011-05-16 14:22:03,1140,Synechococcus elongatus PCC 7942 = FACHB-805,32046,1117,1140,Synechococcus elongatus,SINGLE,ILLUMINA,Illumina Genome Analyzer II,SRR208051,SRP006795,PRJNA140271,140271,SRS193209,SAMN00618967,SRA036837,RNA-Seq,cDNA,TRANSCRIPTOMIC,,GEO,0,0,73360,618967,GSE29264,GSM723311,21612627.0,PCC 7942,wild type,RNAseq,wt,wt,,1.0,RNAseq_wt_1,stain AMC 408: psbAI::luxCDE fusion in NS1 and purF::luxAB fusion in NSII,BG-11,500,CO2,FeNH4 citrate,,aerobic,Spectinomycin; streptomycin; chloramphenicol,citric acid,30 C,Not reported,Not reported,1 dark/light in incubation,continuous light,750.0,0.15,cool white,25.0,2.5e-05,25umol photons m-2 s-1,True,True,True,,https://genomebiology.biomedcentral.com/articles/10.1186/gb-2011-12-5-r47#Sec8,RNAseq:wt,False
SRX2356912,2017-02-15 16:19:00,1140,Synechococcus elongatus PCC 7942 = FACHB-805,32046,1117,1140,Synechococcus elongatus,SINGLE,ILLUMINA,Illumina HiSeq 2000,SRR5031863,SRP093663,PRJNA354335,354335,SRS1805772,SAMN06033584,SRA495832,RNA-Seq,cDNA,TRANSCRIPTOMIC,,GEO,0,0,3439800,6033584,GSE89999,GSM2395359,28430105.0,PCC 7942,"""clock rescue""",rpaA,wt_1dusk_000,wt_1dusk_000,ZT = 12h,,rpaA_wt_1dusk_000_,"P0050::kaiBC (native locus, Kmr)",BG-11,,0.4% glucose,,IPTG,aerobic,kanamycin,0.4% (w/v) glucose,30 C,Not reported,Not reported,12 hr two dark/light/dark cycles,darkness,750.0,0.2,cool,40.0,4e-05,40 _E m-2 s-1 (moles photons m-2 s-1),True,True,True,,https://www.ncbi.nlm.nih.gov/pmc/articles/PMC5400509/,rpaA:wt_1dusk_000,False
SRX2356914,2017-02-15 16:19:00,1140,Synechococcus elongatus PCC 7942 = FACHB-805,32046,1117,1140,Synechococcus elongatus,SINGLE,ILLUMINA,Illumina HiSeq 2000,SRR5031865,SRP093663,PRJNA354335,354335,SRS1805774,SAMN06033606,SRA495832,RNA-Seq,cDNA,TRANSCRIPTOMIC,,GEO,0,0,3439802,6033606,GSE89999,GSM2395361,28430105.0,PCC 7942,"""clock rescue""",rpaA,wt_2dark_015,wt_1dusk_000,15m post dusk,,rpaA_wt_2dark_015_,"P0050::kaiBC (native locus, Kmr)",BG-11,,0.4% glucose,,IPTG,aerobic,kanamycin,0.4% (w/v) glucose,30 C,Not reported,Not reported,12 hr two dark/light/dark cycles,darkness,750.0,0.2,cool,40.0,4e-05,40 _E m-2 s-1 (moles photons m-2 s-1),True,True,True,,https://www.ncbi.nlm.nih.gov/pmc/articles/PMC5400509/,rpaA:wt_2dark_015,False
SRX2356915,2017-02-15 16:19:00,1140,Synechococcus elongatus PCC 7942 = FACHB-805,32046,1117,1140,Synechococcus elongatus,SINGLE,ILLUMINA,Illumina HiSeq 2000,SRR5031866,SRP093663,PRJNA354335,354335,SRS1805775,SAMN06033605,SRA495832,RNA-Seq,cDNA,TRANSCRIPTOMIC,,GEO,0,0,3439803,6033605,GSE89999,GSM2395362,28430105.0,PCC 7942,"""clock rescue""",rpaA,wt_2dark_030,wt_1dusk_000,30m post dusk,,rpaA_wt_2dark_030_,"P0050::kaiBC (native locus, Kmr)",BG-11,,0.4% glucose,,IPTG,aerobic,kanamycin,0.4% (w/v) glucose,30 C,Not reported,Not reported,12 hr two dark/light/dark cycles,darkness,750.0,0.2,cool,40.0,4e-05,40 _E m-2 s-1 (moles photons m-2 s-1),True,True,True,,https://www.ncbi.nlm.nih.gov/pmc/articles/PMC5400509/,rpaA:wt_2dark_030,False
SRX2356921,2017-02-15 16:19:00,1140,Synechococcus elongatus PCC 7942 = FACHB-805,32046,1117,1140,Synechococcus elongatus,SINGLE,ILLUMINA,Illumina HiSeq 2000,SRR5031872,SRP093663,PRJNA354335,354335,SRS1805781,SAMN06033599,SRA495832,RNA-Seq,cDNA,TRANSCRIPTOMIC,,GEO,0,0,3439809,6033599,GSE89999,GSM2395368,28430105.0,PCC 7942,"""clock rescue""",rpaA,wt_3dawn_005,wt_1dusk_000,5m post dawn,,rpaA_wt_3dawn_005_,"P0050::kaiBC (native locus, Kmr)",BG-11,,0.4% glucose,,IPTG,aerobic,kanamycin,0.4% (w/v) glucose,30 C,Not reported,Not reported,12 hr two dark/light/dark cycles,darkness,750.0,0.2,cool,40.0,4e-05,40 _E m-2 s-1 (moles photons m-2 s-1),True,True,True,,https://www.ncbi.nlm.nih.gov/pmc/articles/PMC5400509/,rpaA:wt_3dawn_005,False
SRX2356922,2017-02-15 16:19:00,1140,Synechococcus elongatus PCC 7942 = FACHB-805,32046,1117,1140,Synechococcus elongatus,SINGLE,ILLUMINA,Illumina HiSeq 2000,SRR5031873,SRP093663,PRJNA354335,354335,SRS1805782,SAMN06033598,SRA495832,RNA-Seq,cDNA,TRANSCRIPTOMIC,,GEO,0,0,3439810,6033598,GSE89999,GSM2395369,28430105.0,PCC 7942,"""clock rescue""",rpaA,wt_3dawn_015,wt_1dusk_000,15m post dawn,,rpaA_wt_3dawn_015_,"P0050::kaiBC (native locus, Kmr)",BG-11,,0.4% glucose,,IPTG,aerobic,kanamycin,0.4% (w/v) glucose,30 C,Not reported,Not reported,12 hr two dark/light/dark cycles,darkness,750.0,0.2,cool,40.0,4e-05,40 _E m-2 s-1 (moles photons m-2 s-1),True,True,True,,https://www.ncbi.nlm.nih.gov/pmc/articles/PMC5400509/,rpaA:wt_3dawn_015,False
SRX2356923,2017-02-15 16:19:00,1140,Synechococcus elongatus PCC 7942 = FACHB-805,32046,1117,1140,Synechococcus elongatus,SINGLE,ILLUMINA,Illumina HiSeq 2000,SRR5031874,SRP093663,PRJNA354335,354335,SRS1805783,SAMN06033597,SRA495832,RNA-Seq,cDNA,TRANSCRIPTOMIC,,GEO,0,0,3439811,6033597,GSE89999,GSM2395370,28430105.0,PCC 7942,"""clock rescue""",rpaA,wt_3dawn_030,wt_1dusk_000,30m post dawn,,rpaA_wt_3dawn_030_,"P0050::kaiBC (native locus, Kmr)",BG-11,,0.4% glucose,,IPTG,aerobic,kanamycin,0.4% (w/v) glucose,30 C,Not reported,Not reported,12 hr two dark/light/dark cycles,darkness,750.0,0.2,cool,40.0,4e-05,40 _E m-2 s-1 (moles photons m-2 s-1),True,True,True,,https://www.ncbi.nlm.nih.gov/pmc/articles/PMC5400509/,rpaA:wt_3dawn_030,False
SRX2356924,2017-02-15 16:19:00,1140,Synechococcus elongatus PCC 7942 = FACHB-805,32046,1117,1140,Synechococcus elongatus,SINGLE,ILLUMINA,Illumina HiSeq 2000,SRR5031875,SRP093663,PRJNA354335,354335,SRS1805784,SAMN06033596,SRA495832,RNA-Seq,cDNA,TRANSCRIPTOMIC,,GEO,0,0,3439812,6033596,GSE89999,GSM2395371,28430105.0,PCC 7942,"rpaA- ""clock rescue""",rpaA,del_1dusk_000,wt_1dusk_000,ZT = 12h,,rpaA_del_1dusk_000_,"rpaA(Gmr),P0050::kaiBC (native locus, Kmr)",BG-11,,0.4% glucose,,IPTG,aerobic,Gentamycin; kanamycin,0.4% (w/v) glucose,30 C,Not reported,Not reported,12 hr one light/dark cycles,darkness,750.0,0.2,cool,40.0,4e-05,40 _E m-2 s-1 (moles photons m-2 s-1),True,True,True,,https://www.ncbi.nlm.nih.gov/pmc/articles/PMC5400509/,rpaA:del_1dusk_000,False
SRX2356925,2017-02-15 16:19:00,1140,Synechococcus elongatus PCC 7942 = FACHB-805,32046,1117,1140,Synechococcus elongatus,SINGLE,ILLUMINA,Illumina HiSeq 2000,SRR5031876,SRP093663,PRJNA354335,354335,SRS1805785,SAMN06033595,SRA495832,RNA-Seq,cDNA,TRANSCRIPTOMIC,,GEO,0,0,3439813,6033595,GSE89999,GSM2395372,28430105.0,PCC 7942,"rpaA- ""clock rescue""",rpaA,del_2dark_005,wt_1dusk_000,5m post dusk,,rpaA_del_2dark_005_,"rpaA(Gmr),P0050::kaiBC (native locus, Kmr)",BG-11,,0.4% glucose,,IPTG,aerobic,Gentamycin; kanamycin,0.4% (w/v) glucose,30 C,Not reported,Not reported,12 hr one light/dark cycles,darkness,750.0,0.2,cool,40.0,4e-05,40 _E m-2 s-1 (moles photons m-2 s-1),True,True,True,,https://www.ncbi.nlm.nih.gov/pmc/articles/PMC5400509/,rpaA:del_2dark_005,False
SRX2356926,2017-02-15 16:19:00,1140,Synechococcus elongatus PCC 7942 = FACHB-805,32046,1117,1140,Synechococcus elongatus,SINGLE,ILLUMINA,Illumina HiSeq 2000,SRR5031877,SRP093663,PRJNA354335,354335,SRS1805786,SAMN06033594,SRA495832,RNA-Seq,cDNA,TRANSCRIPTOMIC,,GEO,0,0,3439814,6033594,GSE89999,GSM2395373,28430105.0,PCC 7942,"rpaA- ""clock rescue""",rpaA,del_2dark_015,wt_1dusk_000,15m post dusk,,rpaA_del_2dark_015_,"rpaA(Gmr),P0050::kaiBC (native locus, Kmr)",BG-11,,0.4% glucose,,IPTG,aerobic,Gentamycin; kanamycin,0.4% (w/v) glucose,30 C,Not reported,Not reported,12 hr one light/dark cycles,darkness,750.0,0.2,cool,40.0,4e-05,40 _E m-2 s-1 (moles photons m-2 s-1),True,True,True,,https://www.ncbi.nlm.nih.gov/pmc/articles/PMC5400509/,rpaA:del_2dark_015,False
SRX2356927,2017-02-15 16:19:00,1140,Synechococcus elongatus PCC 7942 = FACHB-805,32046,1117,1140,Synechococcus elongatus,SINGLE,ILLUMINA,Illumina HiSeq 2000,SRR5031878,SRP093663,PRJNA354335,354335,SRS1805787,SAMN06033593,SRA495832,RNA-Seq,cDNA,TRANSCRIPTOMIC,,GEO,0,0,3439815,6033593,GSE89999,GSM2395374,28430105.0,PCC 7942,"rpaA- ""clock rescue""",rpaA,del_2dark_030,wt_1dusk_000,30m post dusk,,rpaA_del_2dark_030_,"rpaA(Gmr),P0050::kaiBC (native locus, Kmr)",BG-11,,0.4% glucose,,IPTG,aerobic,Gentamycin; kanamycin,0.4% (w/v) glucose,30 C,Not reported,Not reported,12 hr one light/dark cycles,darkness,750.0,0.2,cool,40.0,4e-05,40 _E m-2 s-1 (moles photons m-2 s-1),True,True,True,,https://www.ncbi.nlm.nih.gov/pmc/articles/PMC5400509/,rpaA:del_2dark_030,False
SRX2356928,2017-02-15 16:19:01,1140,Synechococcus elongatus PCC 7942 = FACHB-805,32046,1117,1140,Synechococcus elongatus,SINGLE,ILLUMINA,Illumina HiSeq 2000,SRR5031879,SRP093663,PRJNA354335,354335,SRS1805788,SAMN06033592,SRA495832,RNA-Seq,cDNA,TRANSCRIPTOMIC,,GEO,0,0,3439816,6033592,GSE89999,GSM2395375,28430105.0,PCC 7942,"rpaA- ""clock rescue""",rpaA,del_2dark_060,wt_1dusk_000,1h post dusk,,rpaA_del_2dark_060_,"rpaA(Gmr),P0050::kaiBC (native locus, Kmr)",BG-11,,0.4% glucose,,IPTG,aerobic,Gentamycin; kanamycin,0.4% (w/v) glucose,30 C,Not reported,Not reported,12 hr one light/dark cycles,darkness,750.0,0.2,cool,40.0,4e-05,40 _E m-2 s-1 (moles photons m-2 s-1),True,True,True,,https://www.ncbi.nlm.nih.gov/pmc/articles/PMC5400509/,rpaA:del_2dark_060,False
SRX2356929,2017-02-15 16:19:01,1140,Synechococcus elongatus PCC 7942 = FACHB-805,32046,1117,1140,Synechococcus elongatus,SINGLE,ILLUMINA,Illumina HiSeq 2000,SRR5031880,SRP093663,PRJNA354335,354335,SRS1805789,SAMN06033591,SRA495832,RNA-Seq,cDNA,TRANSCRIPTOMIC,,GEO,0,0,3439817,6033591,GSE89999,GSM2395376,28430105.0,PCC 7942,"rpaA- ""clock rescue""",rpaA,del_2dark_120,wt_1dusk_000,2h post dusk,,rpaA_del_2dark_120_,"rpaA(Gmr),P0050::kaiBC (native locus, Kmr)",BG-11,,0.4% glucose,,IPTG,aerobic,Gentamycin; kanamycin,0.4% (w/v) glucose,30 C,Not reported,Not reported,12 hr one light/dark cycles,darkness,750.0,0.2,cool,40.0,4e-05,40 _E m-2 s-1 (moles photons m-2 s-1),True,True,True,,https://www.ncbi.nlm.nih.gov/pmc/articles/PMC5400509/,rpaA:del_2dark_120,False
SRX2356933,2017-02-15 16:19:01,1140,Synechococcus elongatus PCC 7942 = FACHB-805,32046,1117,1140,Synechococcus elongatus,SINGLE,ILLUMINA,Illumina HiSeq 2000,SRR5031884,SRP093663,PRJNA354335,354335,SRS1805793,SAMN06033587,SRA495832,RNA-Seq,cDNA,TRANSCRIPTOMIC,,GEO,0,0,3439821,6033587,GSE89999,GSM2395380,28430105.0,PCC 7942,"rpaA- ""clock rescue""",rpaA,del_3dawn_005,wt_1dusk_000,5m post dawn,,rpaA_del_3dawn_005_,"rpaA(Gmr),P0050::kaiBC (native locus, Kmr)",BG-11,,0.4% glucose,,IPTG,aerobic,Gentamycin; kanamycin,0.4% (w/v) glucose,30 C,Not reported,Not reported,12 hr one light/dark cycles,darkness,750.0,0.2,cool,40.0,4e-05,40 _E m-2 s-1 (moles photons m-2 s-1),True,True,True,,https://www.ncbi.nlm.nih.gov/pmc/articles/PMC5400509/,rpaA:del_3dawn_005,False
SRX2356934,2017-02-15 16:19:01,1140,Synechococcus elongatus PCC 7942 = FACHB-805,32046,1117,1140,Synechococcus elongatus,SINGLE,ILLUMINA,Illumina HiSeq 2000,SRR5031885,SRP093663,PRJNA354335,354335,SRS1805794,SAMN06033586,SRA495832,RNA-Seq,cDNA,TRANSCRIPTOMIC,,GEO,0,0,3439822,6033586,GSE89999,GSM2395381,28430105.0,PCC 7942,"rpaA- ""clock rescue""",rpaA,del_3dawn_015,wt_1dusk_000,15m post dawn,,rpaA_del_3dawn_015_,"rpaA(Gmr),P0050::kaiBC (native locus, Kmr)",BG-11,,0.4% glucose,,IPTG,aerobic,Gentamycin; kanamycin,0.4% (w/v) glucose,30 C,Not reported,Not reported,12 hr one light/dark cycles,darkness,750.0,0.2,cool,40.0,4e-05,40 _E m-2 s-1 (moles photons m-2 s-1),True,True,True,,https://www.ncbi.nlm.nih.gov/pmc/articles/PMC5400509/,rpaA:del_3dawn_015,False
SRX2356935,2017-02-15 16:19:01,1140,Synechococcus elongatus PCC 7942 = FACHB-805,32046,1117,1140,Synechococcus elongatus,SINGLE,ILLUMINA,Illumina HiSeq 2000,SRR5031886,SRP093663,PRJNA354335,354335,SRS1805795,SAMN06033585,SRA495832,RNA-Seq,cDNA,TRANSCRIPTOMIC,,GEO,0,0,3439823,6033585,GSE89999,GSM2395382,28430105.0,PCC 7942,"rpaA- ""clock rescue""",rpaA,del_3dawn_030,wt_1dusk_000,30m post dawn,,rpaA_del_3dawn_030_,"rpaA(Gmr),P0050::kaiBC (native locus, Kmr)",BG-11,,0.4% glucose,,IPTG,aerobic,Gentamycin; kanamycin,0.4% (w/v) glucose,30 C,Not reported,Not reported,12 hr one light/dark cycles,darkness,750.0,0.2,cool,40.0,4e-05,40 _E m-2 s-1 (moles photons m-2 s-1),True,True,True,,https://www.ncbi.nlm.nih.gov/pmc/articles/PMC5400509/,rpaA:del_3dawn_030,False
SRX259790,2015-07-22 17:03:15,1140,Synechococcus elongatus PCC 7942 = FACHB-805,32046,1117,1140,Synechococcus elongatus,SINGLE,ILLUMINA,Illumina HiSeq 2000,SRR807409,SRP020509,PRJNA196229,196229,SRS408066,SAMN01999013,SRA072537,RNA-Seq,cDNA,TRANSCRIPTOMIC,,GEO,0,0,364638,1999013,GSE45762,GSM1113873,23919451.0,SE02,"delta-aas, 'tesA",FFA,del_ass_tesA_100h,wt_100h,100h,2.0,FFA_del_ass_tesA_100h_2,mutant_del_aas(acyl-ACP Synthase)_add_thioesterase,solid BG-11/agar,1.00%,CO2,FeNH4 citrate,0.1M IPTG,aerobic,spectinomycin dihydrochloride pentahydrate; kanamycin monosulfate,1 mM sodium thiosulfate,30 C,Not reported,Not reported,Not reported,Not reported,730.0,0.15,cool white; plant,60.0,6e-05,60 _mol photons m-2 s-1,True,True,True,,"https://www.ncbi.nlm.nih.gov/pmc/articles/PMC3750487/#S3, https://www.ncbi.nlm.nih.gov/pmc/articles/PMC3428126/",FFA:del_ass_tesA_100h,False
SRX2769876,2017-04-29 11:30:14,1140,Synechococcus elongatus PCC 7942 = FACHB-805,32046,1117,1140,Synechococcus elongatus,SINGLE,ILLUMINA,Illumina Genome Analyzer IIx,SRR5486975,SRP105449,PRJNA372989,372989,SRS2153429,SAMN06314526,SRA557924,RNA-Seq,RANDOM,TRANSCRIPTOMIC,,JGI,0,0,3993279,6314526,,,,PCC 7942,not reported ,S72,Cond_2,Cond_0,,,S72_Cond_2_,,,,,,,,,,,,,,,,,,,,,True,True,True,,,S72:Cond_2,False
SRX2769878,2017-04-29 11:17:27,1140,Synechococcus elongatus PCC 7942 = FACHB-805,32046,1117,1140,Synechococcus elongatus,SINGLE,ILLUMINA,Illumina Genome Analyzer II,SRR5486977,SRP105449,PRJNA372989,372989,SRS2153429,SAMN06314526,SRA557924,RNA-Seq,RANDOM,TRANSCRIPTOMIC,,JGI,0,0,3993281,6314526,,,,PCC 7942,not reported ,S72,Cond_4,Cond_0,,,S72_Cond_4_,,,,,,,,,,,,,,,,,,,,,True,True,True,,,S72:Cond_4,False
SRX2769880,2017-04-29 11:17:27,1140,Synechococcus elongatus PCC 7942 = FACHB-805,32046,1117,1140,Synechococcus elongatus,SINGLE,ILLUMINA,Illumina Genome Analyzer II,SRR5486979,SRP105449,PRJNA372989,372989,SRS2153429,SAMN06314526,SRA557924,RNA-Seq,RANDOM,TRANSCRIPTOMIC,,JGI,0,0,3993283,6314526,,,,PCC 7942,not reported ,S72,Cond_6,Cond_0,,,S72_Cond_6_,,,,,,,,,,,,,,,,,,,,,True,True,True,,,S72:Cond_6,False
SRX2769881,2017-04-29 11:20:14,1140,Synechococcus elongatus PCC 7942 = FACHB-805,32046,1117,1140,Synechococcus elongatus,SINGLE,ILLUMINA,Illumina Genome Analyzer IIx,SRR5486980,SRP105449,PRJNA372989,372989,SRS2153429,SAMN06314526,SRA557924,RNA-Seq,RANDOM,TRANSCRIPTOMIC,,JGI,0,0,3993284,6314526,,,,PCC 7942,not reported ,S72,Cond_7,Cond_0,,,S72_Cond_7_,,,,,,,,,,,,,,,,,,,,,True,True,True,,,S72:Cond_7,False
SRX2769883,2017-04-29 11:28:14,1140,Synechococcus elongatus PCC 7942 = FACHB-805,32046,1117,1140,Synechococcus elongatus,SINGLE,ILLUMINA,Illumina Genome Analyzer IIx,SRR5486982,SRP105449,PRJNA372989,372989,SRS2153429,SAMN06314526,SRA557924,RNA-Seq,RANDOM,TRANSCRIPTOMIC,,JGI,0,0,3993286,6314526,,,,PCC 7942,not reported ,S72,Cond_9,Cond_0,,,S72_Cond_9_,,,,,,,,,,,,,,,,,,,,,True,True,True,,,S72:Cond_9,False
SRX2769884,2017-04-29 11:26:14,1140,Synechococcus elongatus PCC 7942 = FACHB-805,32046,1117,1140,Synechococcus elongatus,SINGLE,ILLUMINA,Illumina Genome Analyzer IIx,SRR5486983,SRP105449,PRJNA372989,372989,SRS2153429,SAMN06314526,SRA557924,RNA-Seq,RANDOM,TRANSCRIPTOMIC,,JGI,0,0,3993287,6314526,,,,PCC 7942,not reported ,S72,Cond_10,Cond_0,,,S72_Cond_10_,,,,,,,,,,,,,,,,,,,,,True,True,True,,,S72:Cond_10,False
SRX2769885,2017-04-29 11:28:14,1140,Synechococcus elongatus PCC 7942 = FACHB-805,32046,1117,1140,Synechococcus elongatus,SINGLE,ILLUMINA,Illumina Genome Analyzer IIx,SRR5486984,SRP105449,PRJNA372989,372989,SRS2153429,SAMN06314526,SRA557924,RNA-Seq,RANDOM,TRANSCRIPTOMIC,,JGI,0,0,3993288,6314526,,,,PCC 7942,not reported ,S72,Cond_11,Cond_0,,,S72_Cond_11_,,,,,,,,,,,,,,,,,,,,,True,True,True,,,S72:Cond_11,False
SRX2769886,2017-04-29 11:32:16,1140,Synechococcus elongatus PCC 7942 = FACHB-805,32046,1117,1140,Synechococcus elongatus,SINGLE,ILLUMINA,Illumina Genome Analyzer IIx,SRR5486985,SRP105449,PRJNA372989,372989,SRS2153429,SAMN06314526,SRA557924,RNA-Seq,RANDOM,TRANSCRIPTOMIC,,JGI,0,0,3993289,6314526,,,,PCC 7942,not reported ,S72,Cond_12,Cond_0,,,S72_Cond_12_,,,,,,,,,,,,,,,,,,,,,True,True,True,,,S72:Cond_12,False
SRX2769887,2017-04-29 11:32:16,1140,Synechococcus elongatus PCC 7942 = FACHB-805,32046,1117,1140,Synechococcus elongatus,SINGLE,ILLUMINA,Illumina Genome Analyzer IIx,SRR5486986,SRP105449,PRJNA372989,372989,SRS2153429,SAMN06314526,SRA557924,RNA-Seq,RANDOM,TRANSCRIPTOMIC,,JGI,0,0,3993290,6314526,,,,PCC 7942,not reported ,S72,Cond_13,Cond_0,,,S72_Cond_13_,,,,,,,,,,,,,,,,,,,,,True,True,True,,,S72:Cond_13,False
SRX2769888,2017-04-29 11:30:14,1140,Synechococcus elongatus PCC 7942 = FACHB-805,32046,1117,1140,Synechococcus elongatus,SINGLE,ILLUMINA,Illumina Genome Analyzer IIx,SRR5486987,SRP105449,PRJNA372989,372989,SRS2153429,SAMN06314526,SRA557924,RNA-Seq,RANDOM,TRANSCRIPTOMIC,,JGI,0,0,3993291,6314526,,,,PCC 7942,not reported ,S72,Cond_14,Cond_0,,,S72_Cond_14_,,,,,,,,,,,,,,,,,,,,,True,True,True,,,S72:Cond_14,False
SRX2769889,2017-04-29 11:26:14,1140,Synechococcus elongatus PCC 7942 = FACHB-805,32046,1117,1140,Synechococcus elongatus,SINGLE,ILLUMINA,Illumina Genome Analyzer IIx,SRR5486988,SRP105449,PRJNA372989,372989,SRS2153429,SAMN06314526,SRA557924,RNA-Seq,RANDOM,TRANSCRIPTOMIC,,JGI,0,0,3993292,6314526,,,,PCC 7942,not reported ,S72,Cond_15,Cond_0,,,S72_Cond_15_,,,,,,,,,,,,,,,,,,,,,True,True,True,,,S72:Cond_15,False
SRX2769890,2017-04-29 11:28:14,1140,Synechococcus elongatus PCC 7942 = FACHB-805,32046,1117,1140,Synechococcus elongatus,SINGLE,ILLUMINA,Illumina Genome Analyzer IIx,SRR5486989,SRP105449,PRJNA372989,372989,SRS2153429,SAMN06314526,SRA557924,RNA-Seq,RANDOM,TRANSCRIPTOMIC,,JGI,0,0,3993293,6314526,,,,PCC 7942,not reported ,S72,Cond_16,Cond_0,,,S72_Cond_16_,,,,,,,,,,,,,,,,,,,,,True,True,True,,,S72:Cond_16,False
SRX2769891,2017-04-29 11:28:14,1140,Synechococcus elongatus PCC 7942 = FACHB-805,32046,1117,1140,Synechococcus elongatus,SINGLE,ILLUMINA,Illumina Genome Analyzer IIx,SRR5486990,SRP105449,PRJNA372989,372989,SRS2153429,SAMN06314526,SRA557924,RNA-Seq,RANDOM,TRANSCRIPTOMIC,,JGI,0,0,3993294,6314526,,,,PCC 7942,not reported ,S72,Cond_17,Cond_0,,,S72_Cond_17_,,,,,,,,,,,,,,,,,,,,,True,True,True,,,S72:Cond_17,False
SRX2769892,2017-04-29 11:28:14,1140,Synechococcus elongatus PCC 7942 = FACHB-805,32046,1117,1140,Synechococcus elongatus,SINGLE,ILLUMINA,Illumina Genome Analyzer IIx,SRR5486991,SRP105449,PRJNA372989,372989,SRS2153429,SAMN06314526,SRA557924,RNA-Seq,RANDOM,TRANSCRIPTOMIC,,JGI,0,0,3993295,6314526,,,,PCC 7942,not reported ,S72,Cond_18,Cond_0,,,S72_Cond_18_,,,,,,,,,,,,,,,,,,,,,True,True,True,,,S72:Cond_18,False
SRX3172761,2017-12-15 12:47:07,1140,Synechococcus elongatus PCC 7942 = FACHB-805,32046,1117,1140,Synechococcus elongatus,SINGLE,ILLUMINA,Illumina HiSeq 2000,SRR6021718,SRP117169,PRJNA403840,403840,SRS2502705,SAMN07625319,SRA606632,RNA-Seq,cDNA,TRANSCRIPTOMIC,,GEO,0,0,4474380,7625319,GSE103644,GSM2777217,,PCC 7942,wild type + relA+,ppGpp,2wt_relA+_dusk_000_theo,0wt_dawn_000,0m,,ppGpp_2wt_relA+_dusk_000_theo_,wild type + relA+,BG-11,,,,theophylline,aerobic,,,30 C,,,two cycles dark/light/dark,constant light; harvested at dawn and dusk,750.0,0.015,cool,40.0,4e-05,40 _moles photons m-2 s-1,True,True,True,,https://www.cell.com/cell-reports/comments/S2211-1247(17)31719-9,ppGpp:2wt_relA+_dusk_000_theo,False
SRX3172762,2017-12-15 12:47:07,1140,Synechococcus elongatus PCC 7942 = FACHB-805,32046,1117,1140,Synechococcus elongatus,SINGLE,ILLUMINA,Illumina HiSeq 2000,SRR6021719,SRP117169,PRJNA403840,403840,SRS2502706,SAMN07625350,SRA606632,RNA-Seq,cDNA,TRANSCRIPTOMIC,,GEO,0,0,4474381,7625350,GSE103644,GSM2777218,,PCC 7942,wild type + relA+,ppGpp,2wt_relA+_dusk_030_theo,0wt_dawn_000,30m,,ppGpp_2wt_relA+_dusk_030_theo_,wild type + relA+,BG-11,,,,theophylline,aerobic,,,30 C,,,two cycles dark/light/dark,constant light; harvested at dawn and dusk,750.0,0.015,cool,40.0,4e-05,40 _moles photons m-2 s-1,True,True,True,,https://www.cell.com/cell-reports/comments/S2211-1247(17)31719-9,ppGpp:2wt_relA+_dusk_030_theo,False
SRX3172763,2017-12-15 12:47:07,1140,Synechococcus elongatus PCC 7942 = FACHB-805,32046,1117,1140,Synechococcus elongatus,SINGLE,ILLUMINA,Illumina HiSeq 2000,SRR6021720,SRP117169,PRJNA403840,403840,SRS2502707,SAMN07625349,SRA606632,RNA-Seq,cDNA,TRANSCRIPTOMIC,,GEO,0,0,4474382,7625349,GSE103644,GSM2777219,,PCC 7942,wild type + relA+,ppGpp,2wt_relA+_dusk_060_theo,0wt_dawn_000,1h,,ppGpp_2wt_relA+_dusk_060_theo_,wild type + relA+,BG-11,,,,theophylline,aerobic,,,30 C,,,two cycles dark/light/dark,constant light; harvested at dawn and dusk,750.0,0.015,cool,40.0,4e-05,40 _moles photons m-2 s-1,True,True,True,,https://www.cell.com/cell-reports/comments/S2211-1247(17)31719-9,ppGpp:2wt_relA+_dusk_060_theo,False
SRX3172764,2017-12-15 12:47:07,1140,Synechococcus elongatus PCC 7942 = FACHB-805,32046,1117,1140,Synechococcus elongatus,SINGLE,ILLUMINA,Illumina HiSeq 2000,SRR6021721,SRP117169,PRJNA403840,403840,SRS2502708,SAMN07625348,SRA606632,RNA-Seq,cDNA,TRANSCRIPTOMIC,,GEO,0,0,4474383,7625348,GSE103644,GSM2777220,,PCC 7942,wild type + relAE335Q,ppGpp,3wt_relA-_dusk_000_theo,0wt_dawn_000,0m,,ppGpp_3wt_relA-_dusk_000_theo_,wild type + relAE335Q,BG-11,,,,theophylline,aerobic,,,30 C,,,two cycles dark/light/dark,constant light; harvested at dawn and dusk,750.0,0.015,cool,40.0,4e-05,40 _moles photons m-2 s-1,True,True,True,,https://www.cell.com/cell-reports/comments/S2211-1247(17)31719-9,ppGpp:3wt_relA-_dusk_000_theo,False
SRX3172765,2017-12-15 12:47:07,1140,Synechococcus elongatus PCC 7942 = FACHB-805,32046,1117,1140,Synechococcus elongatus,SINGLE,ILLUMINA,Illumina HiSeq 2000,SRR6021722,SRP117169,PRJNA403840,403840,SRS2502709,SAMN07625347,SRA606632,RNA-Seq,cDNA,TRANSCRIPTOMIC,,GEO,0,0,4474384,7625347,GSE103644,GSM2777221,,PCC 7942,wild type + relAE335Q,ppGpp,3wt_relA-_dusk_030_theo,0wt_dawn_000,30m,,ppGpp_3wt_relA-_dusk_030_theo_,wild type + relAE335Q,BG-11,,,,theophylline,aerobic,,,30 C,,,two cycles dark/light/dark,constant light; harvested at dawn and dusk,750.0,0.015,cool,40.0,4e-05,40 _moles photons m-2 s-1,True,True,True,,https://www.cell.com/cell-reports/comments/S2211-1247(17)31719-9,ppGpp:3wt_relA-_dusk_030_theo,False
SRX3172766,2017-12-15 12:47:07,1140,Synechococcus elongatus PCC 7942 = FACHB-805,32046,1117,1140,Synechococcus elongatus,SINGLE,ILLUMINA,Illumina HiSeq 2000,SRR6021723,SRP117169,PRJNA403840,403840,SRS2502710,SAMN07625346,SRA606632,RNA-Seq,cDNA,TRANSCRIPTOMIC,,GEO,0,0,4474385,7625346,GSE103644,GSM2777222,,PCC 7942,wild type + relAE335Q,ppGpp,3wt_relA-_dusk_060_theo,0wt_dawn_000,1h,,ppGpp_3wt_relA-_dusk_060_theo_,wild type + relAE335Q,BG-11,,,,theophylline,aerobic,,,30 C,,,two cycles dark/light/dark,constant light; harvested at dawn and dusk,750.0,0.015,cool,40.0,4e-05,40 _moles photons m-2 s-1,True,True,True,,https://www.cell.com/cell-reports/comments/S2211-1247(17)31719-9,ppGpp:3wt_relA-_dusk_060_theo,False
SRX3176790,2017-12-15 12:47:05,1140,Synechococcus elongatus PCC 7942 = FACHB-805,32046,1117,1140,Synechococcus elongatus,SINGLE,ILLUMINA,Illumina HiSeq 2000,SRR6026329,SRP117265,PRJNA404081,404081,SRS2506485,SAMN07629682,SRA607160,RNA-Seq,cDNA,TRANSCRIPTOMIC,,GEO,0,0,4478641,7629682,GSE103704,GSM2779447,,PCC 7942,rel- replicate 1,ppGpp,1rel_dark_005,0wt_dawn_000,5m,1.0,ppGpp_1rel_dark_005_1,rel- replicate 1,BG-11,,,,theophylline,aerobic,,,30 C,,,two cycles dark/light/dark,constant light; harvested at dawn and dusk,750.0,0.015,cool,40.0,4e-05,40 _moles photons m-2 s-1,True,True,True,,https://www.cell.com/cell-reports/comments/S2211-1247(17)31719-9,ppGpp:1rel_dark_005,False
SRX3176793,2017-12-15 12:47:05,1140,Synechococcus elongatus PCC 7942 = FACHB-805,32046,1117,1140,Synechococcus elongatus,SINGLE,ILLUMINA,Illumina HiSeq 2000,SRR6026332,SRP117265,PRJNA404081,404081,SRS2506488,SAMN07629673,SRA607160,RNA-Seq,cDNA,TRANSCRIPTOMIC,,GEO,0,0,4478644,7629673,GSE103704,GSM2779450,,PCC 7942,rel- replicate 1,ppGpp,1rel_dark_060,0wt_dawn_000,1h,1.0,ppGpp_1rel_dark_060_1,rel- replicate 1,BG-11,,,,theophylline,aerobic,,,30 C,,,two cycles dark/light/dark,constant light; harvested at dawn and dusk,750.0,0.015,cool,40.0,4e-05,40 _moles photons m-2 s-1,True,True,True,,https://www.cell.com/cell-reports/comments/S2211-1247(17)31719-9,ppGpp:1rel_dark_060,False
SRX3176794,2017-12-15 12:47:05,1140,Synechococcus elongatus PCC 7942 = FACHB-805,32046,1117,1140,Synechococcus elongatus,SINGLE,ILLUMINA,Illumina HiSeq 2000,SRR6026333,SRP117265,PRJNA404081,404081,SRS2506489,SAMN07629674,SRA607160,RNA-Seq,cDNA,TRANSCRIPTOMIC,,GEO,0,0,4478645,7629674,GSE103704,GSM2779451,,PCC 7942,rel- replicate 1,ppGpp,1rel_dark_120,0wt_dawn_000,2h,1.0,ppGpp_1rel_dark_120_1,rel- replicate 1,BG-11,,,,theophylline,aerobic,,,30 C,,,two cycles dark/light/dark,constant light; harvested at dawn and dusk,750.0,0.015,cool,40.0,4e-05,40 _moles photons m-2 s-1,True,True,True,,https://www.cell.com/cell-reports/comments/S2211-1247(17)31719-9,ppGpp:1rel_dark_120,False
SRX3176795,2017-12-15 12:47:05,1140,Synechococcus elongatus PCC 7942 = FACHB-805,32046,1117,1140,Synechococcus elongatus,SINGLE,ILLUMINA,Illumina HiSeq 2000,SRR6026334,SRP117265,PRJNA404081,404081,SRS2506490,SAMN07629675,SRA607160,RNA-Seq,cDNA,TRANSCRIPTOMIC,,GEO,0,0,4478646,7629675,GSE103704,GSM2779452,,PCC 7942,rel- replicate 1,ppGpp,1rel_dark_240,0wt_dawn_000,4h,1.0,ppGpp_1rel_dark_240_1,rel- replicate 1,BG-11,,,,theophylline,aerobic,,,30 C,,,two cycles dark/light/dark,constant light; harvested at dawn and dusk,750.0,0.015,cool,40.0,4e-05,40 _moles photons m-2 s-1,True,True,True,,https://www.cell.com/cell-reports/comments/S2211-1247(17)31719-9,ppGpp:1rel_dark_240,False
SRX3176796,2017-12-15 12:47:05,1140,Synechococcus elongatus PCC 7942 = FACHB-805,32046,1117,1140,Synechococcus elongatus,SINGLE,ILLUMINA,Illumina HiSeq 2000,SRR6026335,SRP117265,PRJNA404081,404081,SRS2506491,SAMN07629679,SRA607160,RNA-Seq,cDNA,TRANSCRIPTOMIC,,GEO,0,0,4478647,7629679,GSE103704,GSM2779453,,PCC 7942,rel- replicate 1,ppGpp,1rel_dark_480,0wt_dawn_000,8h,1.0,ppGpp_1rel_dark_480_1,rel- replicate 1,BG-11,,,,theophylline,aerobic,,,30 C,,,two cycles dark/light/dark,constant light; harvested at dawn and dusk,750.0,0.015,cool,40.0,4e-05,40 _moles photons m-2 s-1,True,True,True,,https://www.cell.com/cell-reports/comments/S2211-1247(17)31719-9,ppGpp:1rel_dark_480,False
SRX3176808,2017-12-15 12:47:05,1140,Synechococcus elongatus PCC 7942 = FACHB-805,32046,1117,1140,Synechococcus elongatus,SINGLE,ILLUMINA,Illumina HiSeq 2000,SRR6026347,SRP117265,PRJNA404081,404081,SRS2506503,SAMN07629664,SRA607160,RNA-Seq,cDNA,TRANSCRIPTOMIC,,GEO,0,0,4478659,7629664,GSE103704,GSM2779465,,PCC 7942,rel- replicate 2,ppGpp,1rel_dark_005,0wt_dawn_000,5m,2.0,ppGpp_1rel_dark_005_2,rel- replicate 2,BG-11,,,,theophylline,aerobic,,,30 C,,,two cycles dark/light/dark,constant light; harvested at dawn and dusk,750.0,0.015,cool,40.0,4e-05,40 _moles photons m-2 s-1,True,True,True,,https://www.cell.com/cell-reports/comments/S2211-1247(17)31719-9,ppGpp:1rel_dark_005,False
SRX359366,2013-12-04 16:41:15,1140,Synechococcus elongatus PCC 7942 = FACHB-805,32046,1117,1140,Synechococcus elongatus,SINGLE,ILLUMINA,Illumina HiSeq 2500,SRR1001850,SRP030395,PRJNA221220,221220,SRS487002,SAMN02362680,SRA103947,RNA-Seq,cDNA,TRANSCRIPTOMIC,,GEO,0,0,508543,2362680,GSE51112,GSM1238982,24315105.0,EOC113,,clock,wt_24h,wt_24h,ZT 24h,,clock_wt_24h_,,,,,,,,,,,,,,,,,,,,,True,True,True,,,clock:wt_24h,False
SRX359367,2013-12-04 16:41:15,1140,Synechococcus elongatus PCC 7942 = FACHB-805,32046,1117,1140,Synechococcus elongatus,SINGLE,ILLUMINA,Illumina HiSeq 2500,SRR1001851,SRP030395,PRJNA221220,221220,SRS487001,SAMN02362695,SRA103947,RNA-Seq,cDNA,TRANSCRIPTOMIC,,GEO,0,0,508544,2362695,GSE51112,GSM1238983,24315105.0,EOC113,,clock,wt_28h,wt_24h,ZT 28h,,clock_wt_28h_,,,,,,,,,,,,,,,,,,,,,True,True,True,,,clock:wt_28h,False
SRX359368,2013-12-04 16:41:15,1140,Synechococcus elongatus PCC 7942 = FACHB-805,32046,1117,1140,Synechococcus elongatus,SINGLE,ILLUMINA,Illumina HiSeq 2500,SRR1001852,SRP030395,PRJNA221220,221220,SRS487003,SAMN02362687,SRA103947,RNA-Seq,cDNA,TRANSCRIPTOMIC,,GEO,0,0,508545,2362687,GSE51112,GSM1238984,24315105.0,EOC113,,clock,wt_32h,wt_24h,ZT 32h,,clock_wt_32h_,,,,,,,,,,,,,,,,,,,,,True,True,True,,,clock:wt_32h,False
SRX359369,2013-12-04 16:41:15,1140,Synechococcus elongatus PCC 7942 = FACHB-805,32046,1117,1140,Synechococcus elongatus,SINGLE,ILLUMINA,Illumina HiSeq 2500,SRR1001853,SRP030395,PRJNA221220,221220,SRS487004,SAMN02362681,SRA103947,RNA-Seq,cDNA,TRANSCRIPTOMIC,,GEO,0,0,508546,2362681,GSE51112,GSM1238985,24315105.0,EOC113,,clock,wt_36h,wt_24h,ZT 36h,,clock_wt_36h_,,,,,,,,,,,,,,,,,,,,,True,True,True,,,clock:wt_36h,False
SRX359370,2013-12-04 16:41:15,1140,Synechococcus elongatus PCC 7942 = FACHB-805,32046,1117,1140,Synechococcus elongatus,SINGLE,ILLUMINA,Illumina HiSeq 2500,SRR1001854,SRP030395,PRJNA221220,221220,SRS487005,SAMN02362692,SRA103947,RNA-Seq,cDNA,TRANSCRIPTOMIC,,GEO,0,0,508547,2362692,GSE51112,GSM1238986,24315105.0,EOC113,,clock,wt_40h,wt_24h,ZT 40h,,clock_wt_40h_,,,,,,,,,,,,,,,,,,,,,True,True,True,,,clock:wt_40h,False
SRX359371,2013-12-04 16:41:15,1140,Synechococcus elongatus PCC 7942 = FACHB-805,32046,1117,1140,Synechococcus elongatus,SINGLE,ILLUMINA,Illumina HiSeq 2500,SRR1001855,SRP030395,PRJNA221220,221220,SRS487006,SAMN02362691,SRA103947,RNA-Seq,cDNA,TRANSCRIPTOMIC,,GEO,0,0,508548,2362691,GSE51112,GSM1238987,24315105.0,EOC113,,clock,wt_44h,wt_24h,ZT 44h,,clock_wt_44h_,,,,,,,,,,,,,,,,,,,,,True,True,True,,,clock:wt_44h,False
SRX359372,2013-12-04 16:41:15,1140,Synechococcus elongatus PCC 7942 = FACHB-805,32046,1117,1140,Synechococcus elongatus,SINGLE,ILLUMINA,Illumina HiSeq 2500,SRR1001856,SRP030395,PRJNA221220,221220,SRS487007,SAMN02362683,SRA103947,RNA-Seq,cDNA,TRANSCRIPTOMIC,,GEO,0,0,508549,2362683,GSE51112,GSM1238988,24315105.0,EOC346,,clock,kaiBC-_IPTG_00h,wt_24h,0h,,clock_kaiBC-_IPTG_00h_,,,,,,,,,,,,,,,,,,,,,True,True,True,,,clock:kaiBC-_IPTG_00h,False
SRX359373,2013-12-04 16:41:15,1140,Synechococcus elongatus PCC 7942 = FACHB-805,32046,1117,1140,Synechococcus elongatus,SINGLE,ILLUMINA,Illumina HiSeq 2500,SRR1001857,SRP030395,PRJNA221220,221220,SRS487008,SAMN02362697,SRA103947,RNA-Seq,cDNA,TRANSCRIPTOMIC,,GEO,0,0,508550,2362697,GSE51112,GSM1238989,24315105.0,EOC346,,clock,kaiBC-_IPTG_0.5h,wt_24h,0.5h,,clock_kaiBC-_IPTG_0.5h_,,,,,,,,,,,,,,,,,,,,,True,True,True,,,clock:kaiBC-_IPTG_0.5h,False
SRX359374,2013-12-04 16:41:15,1140,Synechococcus elongatus PCC 7942 = FACHB-805,32046,1117,1140,Synechococcus elongatus,SINGLE,ILLUMINA,Illumina HiSeq 2500,SRR1001858,SRP030395,PRJNA221220,221220,SRS487009,SAMN02362688,SRA103947,RNA-Seq,cDNA,TRANSCRIPTOMIC,,GEO,0,0,508551,2362688,GSE51112,GSM1238990,24315105.0,EOC346,,clock,kaiBC-_IPTG_02h,wt_24h,2h,,clock_kaiBC-_IPTG_02h_,,,,,,,,,,,,,,,,,,,,,True,True,True,,,clock:kaiBC-_IPTG_02h,False
SRX359375,2013-12-04 16:41:15,1140,Synechococcus elongatus PCC 7942 = FACHB-805,32046,1117,1140,Synechococcus elongatus,SINGLE,ILLUMINA,Illumina HiSeq 2500,SRR1001859,SRP030395,PRJNA221220,221220,SRS487010,SAMN02362682,SRA103947,RNA-Seq,cDNA,TRANSCRIPTOMIC,,GEO,0,0,508552,2362682,GSE51112,GSM1238991,24315105.0,EOC346,,clock,kaiBC-_IPTG_03h,wt_24h,3h,,clock_kaiBC-_IPTG_03h_,,,,,,,,,,,,,,,,,,,,,True,True,True,,,clock:kaiBC-_IPTG_03h,False
SRX359376,2013-12-04 16:41:15,1140,Synechococcus elongatus PCC 7942 = FACHB-805,32046,1117,1140,Synechococcus elongatus,SINGLE,ILLUMINA,Illumina HiSeq 2500,SRR1001860,SRP030395,PRJNA221220,221220,SRS487011,SAMN02362694,SRA103947,RNA-Seq,cDNA,TRANSCRIPTOMIC,,GEO,0,0,508553,2362694,GSE51112,GSM1238992,24315105.0,EOC346,,clock,kaiBC-_IPTG_06h,wt_24h,6h,,clock_kaiBC-_IPTG_06h_,,,,,,,,,,,,,,,,,,,,,True,True,True,,,clock:kaiBC-_IPTG_06h,False
SRX359377,2013-12-04 16:41:15,1140,Synechococcus elongatus PCC 7942 = FACHB-805,32046,1117,1140,Synechococcus elongatus,SINGLE,ILLUMINA,Illumina HiSeq 2500,SRR1001861,SRP030395,PRJNA221220,221220,SRS487012,SAMN02362686,SRA103947,RNA-Seq,cDNA,TRANSCRIPTOMIC,,GEO,0,0,508554,2362686,GSE51112,GSM1238993,24315105.0,EOC346,,clock,kaiBC-_IPTG_12h,wt_24h,12h,,clock_kaiBC-_IPTG_12h_,,,,,,,,,,,,,,,,,,,,,True,True,True,,,clock:kaiBC-_IPTG_12h,False
SRX359378,2013-12-04 16:41:15,1140,Synechococcus elongatus PCC 7942 = FACHB-805,32046,1117,1140,Synechococcus elongatus,SINGLE,ILLUMINA,Illumina HiSeq 2500,SRR1001862,SRP030395,PRJNA221220,221220,SRS487013,SAMN02362685,SRA103947,RNA-Seq,cDNA,TRANSCRIPTOMIC,,GEO,0,0,508555,2362685,GSE51112,GSM1238994,24315105.0,EOC346,,clock,kaiBC-_00h,wt_24h,0h,,clock_kaiBC-_00h_,,,,,,,,,,,,,,,,,,,,,True,True,True,,,clock:kaiBC-_00h,False
SRX359379,2013-12-04 16:41:15,1140,Synechococcus elongatus PCC 7942 = FACHB-805,32046,1117,1140,Synechococcus elongatus,SINGLE,ILLUMINA,Illumina HiSeq 2500,SRR1001863,SRP030395,PRJNA221220,221220,SRS487014,SAMN02362693,SRA103947,RNA-Seq,cDNA,TRANSCRIPTOMIC,,GEO,0,0,508556,2362693,GSE51112,GSM1238995,24315105.0,EOC346,,clock,kaiBC-_03h,wt_24h,3h,,clock_kaiBC-_03h_,,,,,,,,,,,,,,,,,,,,,True,True,True,,,clock:kaiBC-_03h,False
SRX359380,2013-12-04 16:41:15,1140,Synechococcus elongatus PCC 7942 = FACHB-805,32046,1117,1140,Synechococcus elongatus,SINGLE,ILLUMINA,Illumina HiSeq 2500,SRR1001864,SRP030395,PRJNA221220,221220,SRS487015,SAMN02362689,SRA103947,RNA-Seq,cDNA,TRANSCRIPTOMIC,,GEO,0,0,508557,2362689,GSE51112,GSM1238996,24315105.0,EOC346,,clock,kaiBC-_12h,wt_24h,12h,,clock_kaiBC-_12h_,,,,,,,,,,,,,,,,,,,,,True,True,True,,,clock:kaiBC-_12h,False
SRX359381,2013-12-04 16:41:15,1140,Synechococcus elongatus PCC 7942 = FACHB-805,32046,1117,1140,Synechococcus elongatus,SINGLE,ILLUMINA,Illumina HiSeq 2500,SRR1001865,SRP030395,PRJNA221220,221220,SRS487016,SAMN02362684,SRA103947,RNA-Seq,cDNA,TRANSCRIPTOMIC,,GEO,0,0,508558,2362684,GSE51112,GSM1238997,24315105.0,EOC339,,clock,empty_IPTG_00h,wt_24h,0h,,clock_empty_IPTG_00h_,,,,,,,,,,,,,,,,,,,,,True,True,True,,,clock:empty_IPTG_00h,False
SRX359382,2013-12-04 16:41:15,1140,Synechococcus elongatus PCC 7942 = FACHB-805,32046,1117,1140,Synechococcus elongatus,SINGLE,ILLUMINA,Illumina HiSeq 2500,SRR1001866,SRP030395,PRJNA221220,221220,SRS487017,SAMN02362696,SRA103947,RNA-Seq,cDNA,TRANSCRIPTOMIC,,GEO,0,0,508559,2362696,GSE51112,GSM1238998,24315105.0,EOC339,,clock,empty_IPTG_3h,wt_24h,3h,,clock_empty_IPTG_3h_,,,,,,,,,,,,,,,,,,,,,True,True,True,,,clock:empty_IPTG_3h,False
SRX359383,2013-12-04 16:41:15,1140,Synechococcus elongatus PCC 7942 = FACHB-805,32046,1117,1140,Synechococcus elongatus,SINGLE,ILLUMINA,Illumina HiSeq 2500,SRR1001867,SRP030395,PRJNA221220,221220,SRS487018,SAMN02362690,SRA103947,RNA-Seq,cDNA,TRANSCRIPTOMIC,,GEO,0,0,508560,2362690,GSE51112,GSM1238999,24315105.0,EOC339,,clock,empty_IPTG_12h,wt_24h,12h,,clock_empty_IPTG_12h_,,,,,,,,,,,,,,,,,,,,,True,True,True,,,clock:empty_IPTG_12h,False
SRX4105500,2019-05-20 16:28:41,1140,Synechococcus elongatus PCC 7942 = FACHB-805,32046,1117,1140,Synechococcus elongatus,SINGLE,ILLUMINA,Illumina HiSeq 2000,SRR7188776,SRP148555,PRJNA472248,472248,SRS3321324,SAMN09230266,SRA707995,RNA-Seq,cDNA,TRANSCRIPTOMIC,,GEO,0,0,5591061,9230266,GSE114693,GSM3147425,,,,sigFactor,del_sigF_36h,del_kaiBC_rpaA_0h,36h,1.0,sigFactor_del_sigF_36h_1,,,,,,,,,,,,,,,,,,,,,True,True,True,,,sigFactor:del_sigF_36h,False
SRX4105511,2019-05-20 16:28:41,1140,Synechococcus elongatus PCC 7942 = FACHB-805,32046,1117,1140,Synechococcus elongatus,SINGLE,ILLUMINA,Illumina HiSeq 2000,SRR7188787,SRP148555,PRJNA472248,472248,SRS3321336,SAMN09230273,SRA707995,RNA-Seq,cDNA,TRANSCRIPTOMIC,,GEO,0,0,5591072,9230273,GSE114693,GSM3147436,,,,sigFactor,del_kaiBC_rpaA_0h,del_kaiBC_rpaA_0h,0h,1.0,sigFactor_del_kaiBC_rpaA_0h_1,,,,,,,,,,,,,,,,,,,,,True,True,True,,,sigFactor:del_kaiBC_rpaA_0h,False
SRX4105512,2019-05-20 16:28:41,1140,Synechococcus elongatus PCC 7942 = FACHB-805,32046,1117,1140,Synechococcus elongatus,SINGLE,ILLUMINA,Illumina HiSeq 2000,SRR7188788,SRP148555,PRJNA472248,472248,SRS3321335,SAMN09230272,SRA707995,RNA-Seq,cDNA,TRANSCRIPTOMIC,,GEO,0,0,5591073,9230272,GSE114693,GSM3147437,,,,sigFactor,del_kaiBC_rpaA_0.5h,del_kaiBC_rpaA_0h,0.5h,1.0,sigFactor_del_kaiBC_rpaA_0.5h_1,,,,,,,,,,,,,,,,,,,,,True,True,True,,,sigFactor:del_kaiBC_rpaA_0.5h,False
SRX4105513,2019-05-20 16:28:41,1140,Synechococcus elongatus PCC 7942 = FACHB-805,32046,1117,1140,Synechococcus elongatus,SINGLE,ILLUMINA,Illumina HiSeq 2000,SRR7188789,SRP148555,PRJNA472248,472248,SRS3321337,SAMN09230271,SRA707995,RNA-Seq,cDNA,TRANSCRIPTOMIC,,GEO,0,0,5591074,9230271,GSE114693,GSM3147438,,,,sigFactor,del_kaiBC_rpaA_2h,del_kaiBC_rpaA_0h,2h,1.0,sigFactor_del_kaiBC_rpaA_2h_1,,,,,,,,,,,,,,,,,,,,,True,True,True,,,sigFactor:del_kaiBC_rpaA_2h,False
SRX4105514,2019-05-20 16:28:41,1140,Synechococcus elongatus PCC 7942 = FACHB-805,32046,1117,1140,Synechococcus elongatus,SINGLE,ILLUMINA,Illumina HiSeq 2000,SRR7188790,SRP148555,PRJNA472248,472248,SRS3321338,SAMN09230337,SRA707995,RNA-Seq,cDNA,TRANSCRIPTOMIC,,GEO,0,0,5591075,9230337,GSE114693,GSM3147439,,,,sigFactor,del_kaiBC_rpaA_3h,del_kaiBC_rpaA_0h,3h,1.0,sigFactor_del_kaiBC_rpaA_3h_1,,,,,,,,,,,,,,,,,,,,,True,True,True,,,sigFactor:del_kaiBC_rpaA_3h,False
SRX4105516,2019-05-20 16:28:41,1140,Synechococcus elongatus PCC 7942 = FACHB-805,32046,1117,1140,Synechococcus elongatus,SINGLE,ILLUMINA,Illumina HiSeq 2000,SRR7188792,SRP148555,PRJNA472248,472248,SRS3321340,SAMN09230335,SRA707995,RNA-Seq,cDNA,TRANSCRIPTOMIC,,GEO,0,0,5591077,9230335,GSE114693,GSM3147441,,,,sigFactor,del_kaiBC_rpaA_9h,del_kaiBC_rpaA_0h,9h,1.0,sigFactor_del_kaiBC_rpaA_9h_1,,,,,,,,,,,,,,,,,,,,,True,True,True,,,sigFactor:del_kaiBC_rpaA_9h,False
SRX4105522,2019-05-20 16:28:41,1140,Synechococcus elongatus PCC 7942 = FACHB-805,32046,1117,1140,Synechococcus elongatus,SINGLE,ILLUMINA,Illumina HiSeq 2000,SRR7188798,SRP148555,PRJNA472248,472248,SRS3321346,SAMN09230329,SRA707995,RNA-Seq,cDNA,TRANSCRIPTOMIC,,GEO,0,0,5591083,9230329,GSE114693,GSM3147447,,,,sigFactor,del_kaiBC_rpaA_6h,del_kaiBC_rpaA_0h,6h,2.0,sigFactor_del_kaiBC_rpaA_6h_2,,,,,,,,,,,,,,,,,,,,,True,True,True,,,sigFactor:del_kaiBC_rpaA_6h,False
SRX4105526,2019-05-20 16:28:42,1140,Synechococcus elongatus PCC 7942 = FACHB-805,32046,1117,1140,Synechococcus elongatus,SINGLE,ILLUMINA,Illumina HiSeq 2000,SRR7188802,SRP148555,PRJNA472248,472248,SRS3321350,SAMN09230325,SRA707995,RNA-Seq,cDNA,TRANSCRIPTOMIC,,GEO,0,0,5591087,9230325,GSE114693,GSM3147451,,,,sigFactor,del_rpoD2_0.5h,del_kaiBC_rpaA_0h,0.5h,1.0,sigFactor_del_rpoD2_0.5h_1,,,,,,,,,,,,,,,,,,,,,True,True,True,,,sigFactor:del_rpoD2_0.5h,False
SRX4105540,2019-05-20 16:28:42,1140,Synechococcus elongatus PCC 7942 = FACHB-805,32046,1117,1140,Synechococcus elongatus,SINGLE,ILLUMINA,Illumina HiSeq 2000,SRR7188816,SRP148555,PRJNA472248,472248,SRS3321364,SAMN09230184,SRA707995,RNA-Seq,cDNA,TRANSCRIPTOMIC,,GEO,0,0,5591101,9230184,GSE114693,GSM3147465,,,,sigFactor,del_rpoD2_12h,del_kaiBC_rpaA_0h,12h,2.0,sigFactor_del_rpoD2_12h_2,,,,,,,,,,,,,,,,,,,,,True,True,True,,,sigFactor:del_rpoD2_12h,False
SRX4105542,2019-05-20 16:28:42,1140,Synechococcus elongatus PCC 7942 = FACHB-805,32046,1117,1140,Synechococcus elongatus,SINGLE,ILLUMINA,Illumina HiSeq 2000,SRR7188818,SRP148555,PRJNA472248,472248,SRS3321366,SAMN09230182,SRA707995,RNA-Seq,cDNA,TRANSCRIPTOMIC,,GEO,0,0,5591103,9230182,GSE114693,GSM3147467,,,,sigFactor,del_rpoD6_0.5h,del_kaiBC_rpaA_0h,0.5h,1.0,sigFactor_del_rpoD6_0.5h_1,,,,,,,,,,,,,,,,,,,,,True,True,True,,,sigFactor:del_rpoD6_0.5h,False
SRX4105543,2019-05-20 16:28:42,1140,Synechococcus elongatus PCC 7942 = FACHB-805,32046,1117,1140,Synechococcus elongatus,SINGLE,ILLUMINA,Illumina HiSeq 2000,SRR7188819,SRP148555,PRJNA472248,472248,SRS3321367,SAMN09230241,SRA707995,RNA-Seq,cDNA,TRANSCRIPTOMIC,,GEO,0,0,5591104,9230241,GSE114693,GSM3147468,,,,sigFactor,del_rpoD6_2h,del_kaiBC_rpaA_0h,2h,1.0,sigFactor_del_rpoD6_2h_1,,,,,,,,,,,,,,,,,,,,,True,True,True,,,sigFactor:del_rpoD6_2h,False
SRX4105544,2019-05-20 16:28:42,1140,Synechococcus elongatus PCC 7942 = FACHB-805,32046,1117,1140,Synechococcus elongatus,SINGLE,ILLUMINA,Illumina HiSeq 2000,SRR7188820,SRP148555,PRJNA472248,472248,SRS3321368,SAMN09230181,SRA707995,RNA-Seq,cDNA,TRANSCRIPTOMIC,,GEO,0,0,5591105,9230181,GSE114693,GSM3147469,,,,sigFactor,del_rpoD6_3h,del_kaiBC_rpaA_0h,3h,1.0,sigFactor_del_rpoD6_3h_1,,,,,,,,,,,,,,,,,,,,,True,True,True,,,sigFactor:del_rpoD6_3h,False
SRX4105546,2019-05-20 16:28:42,1140,Synechococcus elongatus PCC 7942 = FACHB-805,32046,1117,1140,Synechococcus elongatus,SINGLE,ILLUMINA,Illumina HiSeq 2000,SRR7188822,SRP148555,PRJNA472248,472248,SRS3321369,SAMN09230207,SRA707995,RNA-Seq,cDNA,TRANSCRIPTOMIC,,GEO,0,0,5591107,9230207,GSE114693,GSM3147471,,,,sigFactor,del_rpoD6_9h,del_kaiBC_rpaA_0h,9h,1.0,sigFactor_del_rpoD6_9h_1,,,,,,,,,,,,,,,,,,,,,True,True,True,,,sigFactor:del_rpoD6_9h,False
SRX4105548,2019-05-20 16:28:42,1140,Synechococcus elongatus PCC 7942 = FACHB-805,32046,1117,1140,Synechococcus elongatus,SINGLE,ILLUMINA,Illumina HiSeq 2000,SRR7188824,SRP148555,PRJNA472248,472248,SRS3321372,SAMN09230205,SRA707995,RNA-Seq,cDNA,TRANSCRIPTOMIC,,GEO,0,0,5591109,9230205,GSE114693,GSM3147473,,,,sigFactor,del_rpoD6_0h,del_kaiBC_rpaA_0h,0h,2.0,sigFactor_del_rpoD6_0h_2,,,,,,,,,,,,,,,,,,,,,True,True,True,,,sigFactor:del_rpoD6_0h,False
SRX4105551,2019-05-20 16:28:42,1140,Synechococcus elongatus PCC 7942 = FACHB-805,32046,1117,1140,Synechococcus elongatus,SINGLE,ILLUMINA,Illumina HiSeq 2000,SRR7188827,SRP148555,PRJNA472248,472248,SRS3321375,SAMN09230202,SRA707995,RNA-Seq,cDNA,TRANSCRIPTOMIC,,GEO,0,0,5591112,9230202,GSE114693,GSM3147476,,,,sigFactor,del_rpoD6_3h,del_kaiBC_rpaA_0h,3h,2.0,sigFactor_del_rpoD6_3h_2,,,,,,,,,,,,,,,,,,,,,True,True,True,,,sigFactor:del_rpoD6_3h,False
SRX4105555,2019-05-20 16:28:42,1140,Synechococcus elongatus PCC 7942 = FACHB-805,32046,1117,1140,Synechococcus elongatus,SINGLE,ILLUMINA,Illumina HiSeq 2000,SRR7188831,SRP148555,PRJNA472248,472248,SRS3321379,SAMN09230198,SRA707995,RNA-Seq,cDNA,TRANSCRIPTOMIC,,GEO,0,0,5591116,9230198,GSE114693,GSM3147480,,,,sigFactor,del_rpoD5_0h,del_kaiBC_rpaA_0h,0h,1.0,sigFactor_del_rpoD5_0h_1,,,,,,,,,,,,,,,,,,,,,True,True,True,,,sigFactor:del_rpoD5_0h,False
SRX4105560,2019-05-20 16:28:42,1140,Synechococcus elongatus PCC 7942 = FACHB-805,32046,1117,1140,Synechococcus elongatus,SINGLE,ILLUMINA,Illumina HiSeq 2000,SRR7188836,SRP148555,PRJNA472248,472248,SRS3321384,SAMN09230193,SRA707995,RNA-Seq,cDNA,TRANSCRIPTOMIC,,GEO,0,0,5591121,9230193,GSE114693,GSM3147485,,,,sigFactor,del_rpoD5_9h,del_kaiBC_rpaA_0h,9h,1.0,sigFactor_del_rpoD5_9h_1,,,,,,,,,,,,,,,,,,,,,True,True,True,,,sigFactor:del_rpoD5_9h,False
SRX5055969,2018-12-27 16:56:20,1140,Synechococcus elongatus PCC 7942 = FACHB-805,32046,1117,1140,Synechococcus elongatus,PAIRED,ILLUMINA,Illumina HiSeq 2500,SRR8237705,SRP170141,PRJNA506580,506580,SRS4072650,SAMN10463699,SRA814135,RNA-Seq,cDNA,TRANSCRIPTOMIC,,GEO,0,0,6809656,10463699,GSE122841,GSM3486865,30619416.0,PCC 7942,,H2O2,wt_normal,wt_normal,48h,,H2O2_wt_normal_,,,,,,,,,,,,,,,,,,,,,True,True,True,,,H2O2:wt_normal,False
SRX5055970,2018-12-27 16:56:20,1140,Synechococcus elongatus PCC 7942 = FACHB-805,32046,1117,1140,Synechococcus elongatus,PAIRED,ILLUMINA,Illumina HiSeq 2500,SRR8237706,SRP170141,PRJNA506580,506580,SRS4072651,SAMN10463698,SRA814135,RNA-Seq,cDNA,TRANSCRIPTOMIC,,GEO,0,0,6809657,10463698,GSE122841,GSM3486866,30619416.0,PCC 7942,,H2O2,wt_stressed,wt_normal,48h,,H2O2_wt_stressed_,,,,,,,,,,,,,,,,,,,,,True,True,True,,,H2O2:wt_stressed,False
SRX5055971,2018-12-27 16:56:20,1140,Synechococcus elongatus PCC 7942 = FACHB-805,32046,1117,1140,Synechococcus elongatus,PAIRED,ILLUMINA,Illumina HiSeq 2500,SRR8237707,SRP170141,PRJNA506580,506580,SRS4072652,SAMN10463697,SRA814135,RNA-Seq,cDNA,TRANSCRIPTOMIC,,GEO,0,0,6809658,10463697,GSE122841,GSM3486867,30619416.0,PCC 7942,,H2O2,mut_normal,wt_normal,48h,,H2O2_mut_normal_,,,,,,,,,,,,,,,,,,,,,True,True,True,,,H2O2:mut_normal,False
SRX7119038,2019-11-28 21:32:19,1140,Synechococcus elongatus PCC 7942 = FACHB-805,32046,1117,1140,Synechococcus elongatus,PAIRED,ILLUMINA,Illumina HiSeq 2500,SRR10421010,SRP229334,PRJNA588336,588336,SRS5629179,SAMN13241840,SRA993563,RNA-Seq,cDNA,TRANSCRIPTOMIC,,GEO,0,0,9359392,13241840,GSE140121,GSM4154628,,PCC 7942,,DHAR,wt_normal,wt_normal,2h,,DHAR_wt_normal_,,,,,,,,,,,,,,,,,,,,,True,True,True,,,DHAR:wt_normal,False
SRX7119039,2019-11-28 21:32:19,1140,Synechococcus elongatus PCC 7942 = FACHB-805,32046,1117,1140,Synechococcus elongatus,PAIRED,ILLUMINA,Illumina HiSeq 2500,SRR10421011,SRP229334,PRJNA588336,588336,SRS5629180,SAMN13241839,SRA993563,RNA-Seq,cDNA,TRANSCRIPTOMIC,,GEO,0,0,9359393,13241839,GSE140121,GSM4154629,,PCC 7942,,DHAR,wt_stressed,wt_normal,2h,,DHAR_wt_stressed_,,,,,,,,,,,,,,,,,,,,,True,True,True,,,DHAR:wt_stressed,False
SRX7119040,2019-11-28 21:32:19,1140,Synechococcus elongatus PCC 7942 = FACHB-805,32046,1117,1140,Synechococcus elongatus,PAIRED,ILLUMINA,Illumina HiSeq 2500,SRR10421012,SRP229334,PRJNA588336,588336,SRS5629181,SAMN13241838,SRA993563,RNA-Seq,cDNA,TRANSCRIPTOMIC,,GEO,0,0,9359394,13241838,GSE140121,GSM4154630,,PCC 7942,,DHAR,mut_normal,wt_normal,2h,,DHAR_mut_normal_,,,,,,,,,,,,,,,,,,,,,True,True,True,,,DHAR:mut_normal,False
SRX8650808,2020-07-02 00:18:13,1140,Synechococcus elongatus PCC 7942 = FACHB-805,32046,1117,1140,Synechococcus elongatus,PAIRED,ILLUMINA,NextSeq 500,SRR12129544,SRP269594,PRJNA642094,642094,SRS6934230,SAMN15376413,SRA1093644,RNA-Seq,RANDOM,TRANSCRIPTOMIC,,NATIONAL RENEWABLE ENERGY LABORATORY,0,0,11249688,15376413,,,,PCC 7942,,RNAseq2,wt,wt,,,RNAseq2_wt_,,,,,,,,,,,,,,,,,,,,,True,True,True,,,RNAseq2:wt,False
